<?xml version="1.0" encoding="windows-1252"?>
<weeklyevents>
	<event>
		<title>Bank Holiday</title>
		<country>AUD</country>
		<date><![CDATA[08-01-2021]]></date>
		<time><![CDATA[10:00pm]]></time>
		<impact><![CDATA[Holiday]]></impact>
		<forecast />
		<previous />
	</event>
	<event>
		<title>AIG Manufacturing Index</title>
		<country>AUD</country>
		<date><![CDATA[08-01-2021]]></date>
		<time><![CDATA[10:30pm]]></time>
		<impact><![CDATA[Low]]></impact>
		<forecast />
		<previous><![CDATA[63.2]]></previous>
	</event>
	<event>
		<title>Final Manufacturing PMI</title>
		<country>JPY</country>
		<date><![CDATA[08-02-2021]]></date>
		<time><![CDATA[12:30am]]></time>
		<impact><![CDATA[Low]]></impact>
		<forecast><![CDATA[52.4]]></forecast>
		<previous><![CDATA[52.2]]></previous>
	</event>
	<event>
		<title>MI Inflation Gauge m/m</title>
		<country>AUD</country>
		<date><![CDATA[08-02-2021]]></date>
		<time><![CDATA[1:00am]]></time>
		<impact><![CDATA[Low]]></impact>
		<forecast />
		<previous><![CDATA[0.4%]]></previous>
	</event>
	<event>
		<title>ANZ Job Advertisements m/m</title>
		<country>AUD</country>
		<date><![CDATA[08-02-2021]]></date>
		<time><![CDATA[1:30am]]></time>
		<impact><![CDATA[Low]]></impact>
		<forecast />
		<previous><![CDATA[3.0%]]></previous>
	</event>
	<event>
		<title>Caixin Manufacturing PMI</title>
		<country>CNY</country>
		<date><![CDATA[08-02-2021]]></date>
		<time><![CDATA[1:45am]]></time>
		<impact><![CDATA[Low]]></impact>
		<forecast><![CDATA[51.1]]></forecast>
		<previous><![CDATA[51.3]]></previous>
	</event>
	<event>
		<title>Consumer Confidence</title>
		<country>JPY</country>
		<date><![CDATA[08-02-2021]]></date>
		<time><![CDATA[4:59am]]></time>
		<impact><![CDATA[Low]]></impact>
		<forecast><![CDATA[37.0]]></forecast>
		<previous><![CDATA[37.4]]></previous>
	</event>
	<event>
		<title>German Retail Sales m/m</title>
		<country>EUR</country>
		<date><![CDATA[08-02-2021]]></date>
		<time><![CDATA[6:00am]]></time>
		<impact><![CDATA[Low]]></impact>
		<forecast><![CDATA[1.9%]]></forecast>
		<previous><![CDATA[4.2%]]></previous>
	</event>
	<event>
		<title>Retail Sales y/y</title>
		<country>CHF</country>
		<date><![CDATA[08-02-2021]]></date>
		<time><![CDATA[6:30am]]></time>
		<impact><![CDATA[Low]]></impact>
		<forecast><![CDATA[3.4%]]></forecast>
		<previous><![CDATA[2.8%]]></previous>
	</event>
	<event>
		<title>CPI m/m</title>
		<country>CHF</country>
		<date><![CDATA[08-02-2021]]></date>
		<time><![CDATA[6:30am]]></time>
		<impact><![CDATA[Low]]></impact>
		<forecast><![CDATA[-0.1%]]></forecast>
		<previous><![CDATA[0.1%]]></previous>
	</event>
	<event>
		<title>Spanish Manufacturing PMI</title>
		<country>EUR</country>
		<date><![CDATA[08-02-2021]]></date>
		<time><![CDATA[7:15am]]></time>
		<impact><![CDATA[Low]]></impact>
		<forecast><![CDATA[59.4]]></forecast>
		<previous><![CDATA[60.4]]></previous>
	</event>
	<event>
		<title>Manufacturing PMI</title>
		<country>CHF</country>
		<date><![CDATA[08-02-2021]]></date>
		<time><![CDATA[7:30am]]></time>
		<impact><![CDATA[Low]]></impact>
		<forecast><![CDATA[66.0]]></forecast>
		<previous><![CDATA[66.7]]></previous>
	</event>
	<event>
		<title>Italian Manufacturing PMI</title>
		<country>EUR</country>
		<date><![CDATA[08-02-2021]]></date>
		<time><![CDATA[7:45am]]></time>
		<impact><![CDATA[Low]]></impact>
		<forecast><![CDATA[61.4]]></forecast>
		<previous><![CDATA[62.2]]></previous>
	</event>
	<event>
		<title>French Final Manufacturing PMI</title>
		<country>EUR</country>
		<date><![CDATA[08-02-2021]]></date>
		<time><![CDATA[7:50am]]></time>
		<impact><![CDATA[Low]]></impact>
		<forecast><![CDATA[58.1]]></forecast>
		<previous><![CDATA[58.1]]></previous>
	</event>
	<event>
		<title>German Final Manufacturing PMI</title>
		<country>EUR</country>
		<date><![CDATA[08-02-2021]]></date>
		<time><![CDATA[7:55am]]></time>
		<impact><![CDATA[Medium]]></impact>
		<forecast><![CDATA[65.6]]></forecast>
		<previous><![CDATA[65.6]]></previous>
	</event>
	<event>
		<title>Final Manufacturing PMI</title>
		<country>EUR</country>
		<date><![CDATA[08-02-2021]]></date>
		<time><![CDATA[8:00am]]></time>
		<impact><![CDATA[Low]]></impact>
		<forecast><![CDATA[62.6]]></forecast>
		<previous><![CDATA[62.6]]></previous>
	</event>
	<event>
		<title>Final Manufacturing PMI</title>
		<country>GBP</country>
		<date><![CDATA[08-02-2021]]></date>
		<time><![CDATA[8:30am]]></time>
		<impact><![CDATA[Low]]></impact>
		<forecast><![CDATA[60.4]]></forecast>
		<previous><![CDATA[60.4]]></previous>
	</event>
	<event>
		<title>Bank Holiday</title>
		<country>CAD</country>
		<date><![CDATA[08-02-2021]]></date>
		<time><![CDATA[12:00pm]]></time>
		<impact><![CDATA[Holiday]]></impact>
		<forecast />
		<previous />
	</event>
	<event>
		<title>Final Manufacturing PMI</title>
		<country>USD</country>
		<date><![CDATA[08-02-2021]]></date>
		<time><![CDATA[1:45pm]]></time>
		<impact><![CDATA[Low]]></impact>
		<forecast><![CDATA[63.1]]></forecast>
		<previous><![CDATA[63.1]]></previous>
	</event>
	<event>
		<title>Construction Spending m/m</title>
		<country>USD</country>
		<date><![CDATA[08-02-2021]]></date>
		<time><![CDATA[2:00pm]]></time>
		<impact><![CDATA[Low]]></impact>
		<forecast><![CDATA[0.4%]]></forecast>
		<previous><![CDATA[-0.3%]]></previous>
	</event>
	<event>
		<title>ISM Manufacturing PMI</title>
		<country>USD</country>
		<date><![CDATA[08-02-2021]]></date>
		<time><![CDATA[2:00pm]]></time>
		<impact><![CDATA[High]]></impact>
		<forecast><![CDATA[60.8]]></forecast>
		<previous><![CDATA[60.6]]></previous>
	</event>
	<event>
		<title>ISM Manufacturing Prices</title>
		<country>USD</country>
		<date><![CDATA[08-02-2021]]></date>
		<time><![CDATA[2:00pm]]></time>
		<impact><![CDATA[Low]]></impact>
		<forecast><![CDATA[87.9]]></forecast>
		<previous><![CDATA[92.1]]></previous>
	</event>
	<event>
		<title>Loan Officer Survey</title>
		<country>USD</country>
		<date><![CDATA[08-02-2021]]></date>
		<time><![CDATA[6:00pm]]></time>
		<impact><![CDATA[Low]]></impact>
		<forecast />
		<previous />
	</event>
	<event>
		<title>Tokyo Core CPI y/y</title>
		<country>JPY</country>
		<date><![CDATA[08-02-2021]]></date>
		<time><![CDATA[11:30pm]]></time>
		<impact><![CDATA[Low]]></impact>
		<forecast><![CDATA[0.0%]]></forecast>
		<previous><![CDATA[0.0%]]></previous>
	</event>
	<event>
		<title>Monetary Base y/y</title>
		<country>JPY</country>
		<date><![CDATA[08-02-2021]]></date>
		<time><![CDATA[11:50pm]]></time>
		<impact><![CDATA[Low]]></impact>
		<forecast><![CDATA[20.5%]]></forecast>
		<previous><![CDATA[19.1%]]></previous>
	</event>
	<event>
		<title>Building Approvals m/m</title>
		<country>AUD</country>
		<date><![CDATA[08-03-2021]]></date>
		<time><![CDATA[1:30am]]></time>
		<impact><![CDATA[Low]]></impact>
		<forecast><![CDATA[-3.8%]]></forecast>
		<previous><![CDATA[-7.1%]]></previous>
	</event>
	<event>
		<title>10-y Bond Auction</title>
		<country>JPY</country>
		<date><![CDATA[08-03-2021]]></date>
		<time><![CDATA[3:35am]]></time>
		<impact><![CDATA[Low]]></impact>
		<forecast />
		<previous><![CDATA[0.06|3.5]]></previous>
	</event>
	<event>
		<title>Cash Rate</title>
		<country>AUD</country>
		<date><![CDATA[08-03-2021]]></date>
		<time><![CDATA[4:30am]]></time>
		<impact><![CDATA[Medium]]></impact>
		<forecast><![CDATA[0.10%]]></forecast>
		<previous><![CDATA[0.10%]]></previous>
	</event>
	<event>
		<title>RBA Rate Statement</title>
		<country>AUD</country>
		<date><![CDATA[08-03-2021]]></date>
		<time><![CDATA[4:30am]]></time>
		<impact><![CDATA[High]]></impact>
		<forecast />
		<previous />
	</event>
	<event>
		<title>Commodity Prices y/y</title>
		<country>AUD</country>
		<date><![CDATA[08-03-2021]]></date>
		<time><![CDATA[6:30am]]></time>
		<impact><![CDATA[Low]]></impact>
		<forecast />
		<previous><![CDATA[49.1%]]></previous>
	</event>
	<event>
		<title>Spanish Unemployment Change</title>
		<country>EUR</country>
		<date><![CDATA[08-03-2021]]></date>
		<time><![CDATA[7:00am]]></time>
		<impact><![CDATA[Medium]]></impact>
		<forecast><![CDATA[-115.5K]]></forecast>
		<previous><![CDATA[-166.9K]]></previous>
	</event>
	<event>
		<title>SECO Consumer Climate</title>
		<country>CHF</country>
		<date><![CDATA[08-03-2021]]></date>
		<time><![CDATA[7:00am]]></time>
		<impact><![CDATA[Low]]></impact>
		<forecast><![CDATA[-5]]></forecast>
		<previous><![CDATA[-7]]></previous>
	</event>
	<event>
		<title>PPI m/m</title>
		<country>EUR</country>
		<date><![CDATA[08-03-2021]]></date>
		<time><![CDATA[9:00am]]></time>
		<impact><![CDATA[Low]]></impact>
		<forecast><![CDATA[1.4%]]></forecast>
		<previous><![CDATA[1.3%]]></previous>
	</event>
	<event>
		<title>30-y Bond Auction</title>
		<country>GBP</country>
		<date><![CDATA[08-03-2021]]></date>
		<time><![CDATA[9:02am]]></time>
		<impact><![CDATA[Low]]></impact>
		<forecast />
		<previous><![CDATA[1.27|2.2]]></previous>
	</event>
	<event>
		<title>Manufacturing PMI</title>
		<country>CAD</country>
		<date><![CDATA[08-03-2021]]></date>
		<time><![CDATA[1:30pm]]></time>
		<impact><![CDATA[Low]]></impact>
		<forecast />
		<previous><![CDATA[56.5]]></previous>
	</event>
	<event>
		<title>Factory Orders m/m</title>
		<country>USD</country>
		<date><![CDATA[08-03-2021]]></date>
		<time><![CDATA[2:00pm]]></time>
		<impact><![CDATA[Low]]></impact>
		<forecast><![CDATA[1.0%]]></forecast>
		<previous><![CDATA[1.7%]]></previous>
	</event>
	<event>
		<title>IBD/TIPP Economic Optimism</title>
		<country>USD</country>
		<date><![CDATA[08-03-2021]]></date>
		<time><![CDATA[2:01pm]]></time>
		<impact><![CDATA[Low]]></impact>
		<forecast><![CDATA[55.3]]></forecast>
		<previous><![CDATA[54.3]]></previous>
	</event>
	<event>
		<title>Wards Total Vehicle Sales</title>
		<country>USD</country>
		<date><![CDATA[08-03-2021]]></date>
		<time><![CDATA[2:15pm]]></time>
		<impact><![CDATA[Low]]></impact>
		<forecast><![CDATA[15.2M]]></forecast>
		<previous><![CDATA[15.4M]]></previous>
	</event>
	<event>
		<title>GDT Price Index</title>
		<country>NZD</country>
		<date><![CDATA[08-03-2021]]></date>
		<time><![CDATA[3:11pm]]></time>
		<impact><![CDATA[Low]]></impact>
		<forecast />
		<previous><![CDATA[-2.9%]]></previous>
	</event>
	<event>
		<title>FOMC Member Bowman Speaks</title>
		<country>USD</country>
		<date><![CDATA[08-03-2021]]></date>
		<time><![CDATA[6:00pm]]></time>
		<impact><![CDATA[Low]]></impact>
		<forecast />
		<previous />
	</event>
	<event>
		<title>AIG Construction Index</title>
		<country>AUD</country>
		<date><![CDATA[08-03-2021]]></date>
		<time><![CDATA[10:30pm]]></time>
		<impact><![CDATA[Low]]></impact>
		<forecast />
		<previous><![CDATA[55.5]]></previous>
	</event>
	<event>
		<title>Employment Change q/q</title>
		<country>NZD</country>
		<date><![CDATA[08-03-2021]]></date>
		<time><![CDATA[10:45pm]]></time>
		<impact><![CDATA[High]]></impact>
		<forecast><![CDATA[0.7%]]></forecast>
		<previous><![CDATA[0.6%]]></previous>
	</event>
	<event>
		<title>Unemployment Rate</title>
		<country>NZD</country>
		<date><![CDATA[08-03-2021]]></date>
		<time><![CDATA[10:45pm]]></time>
		<impact><![CDATA[High]]></impact>
		<forecast><![CDATA[4.4%]]></forecast>
		<previous><![CDATA[4.7%]]></previous>
	</event>
	<event>
		<title>Labor Cost Index q/q</title>
		<country>NZD</country>
		<date><![CDATA[08-03-2021]]></date>
		<time><![CDATA[10:45pm]]></time>
		<impact><![CDATA[Low]]></impact>
		<forecast><![CDATA[0.7%]]></forecast>
		<previous><![CDATA[0.4%]]></previous>
	</event>
	<event>
		<title>ANZ Commodity Prices m/m</title>
		<country>NZD</country>
		<date><![CDATA[08-04-2021]]></date>
		<time><![CDATA[1:00am]]></time>
		<impact><![CDATA[Low]]></impact>
		<forecast />
		<previous><![CDATA[0.8%]]></previous>
	</event>
	<event>
		<title>Retail Sales m/m</title>
		<country>AUD</country>
		<date><![CDATA[08-04-2021]]></date>
		<time><![CDATA[1:30am]]></time>
		<impact><![CDATA[Medium]]></impact>
		<forecast><![CDATA[-1.8%]]></forecast>
		<previous><![CDATA[-1.8%]]></previous>
	</event>
	<event>
		<title>Caixin Services PMI</title>
		<country>CNY</country>
		<date><![CDATA[08-04-2021]]></date>
		<time><![CDATA[1:45am]]></time>
		<impact><![CDATA[Low]]></impact>
		<forecast><![CDATA[50.6]]></forecast>
		<previous><![CDATA[50.3]]></previous>
	</event>
	<event>
		<title>Spanish Services PMI</title>
		<country>EUR</country>
		<date><![CDATA[08-04-2021]]></date>
		<time><![CDATA[7:15am]]></time>
		<impact><![CDATA[Low]]></impact>
		<forecast><![CDATA[63.1]]></forecast>
		<previous><![CDATA[62.5]]></previous>
	</event>
	<event>
		<title>Italian Services PMI</title>
		<country>EUR</country>
		<date><![CDATA[08-04-2021]]></date>
		<time><![CDATA[7:45am]]></time>
		<impact><![CDATA[Low]]></impact>
		<forecast><![CDATA[58.8]]></forecast>
		<previous><![CDATA[56.7]]></previous>
	</event>
	<event>
		<title>French Final Services PMI</title>
		<country>EUR</country>
		<date><![CDATA[08-04-2021]]></date>
		<time><![CDATA[7:50am]]></time>
		<impact><![CDATA[Low]]></impact>
		<forecast><![CDATA[57.0]]></forecast>
		<previous><![CDATA[57.0]]></previous>
	</event>
	<event>
		<title>German Final Services PMI</title>
		<country>EUR</country>
		<date><![CDATA[08-04-2021]]></date>
		<time><![CDATA[7:55am]]></time>
		<impact><![CDATA[Low]]></impact>
		<forecast><![CDATA[62.2]]></forecast>
		<previous><![CDATA[62.2]]></previous>
	</event>
	<event>
		<title>Final Services PMI</title>
		<country>EUR</country>
		<date><![CDATA[08-04-2021]]></date>
		<time><![CDATA[8:00am]]></time>
		<impact><![CDATA[Low]]></impact>
		<forecast><![CDATA[60.4]]></forecast>
		<previous><![CDATA[60.4]]></previous>
	</event>
	<event>
		<title>Italian Retail Sales m/m</title>
		<country>EUR</country>
		<date><![CDATA[08-04-2021]]></date>
		<time><![CDATA[8:00am]]></time>
		<impact><![CDATA[Low]]></impact>
		<forecast><![CDATA[1.9%]]></forecast>
		<previous><![CDATA[0.2%]]></previous>
	</event>
	<event>
		<title>French Gov Budget Balance</title>
		<country>EUR</country>
		<date><![CDATA[08-04-2021]]></date>
		<time><![CDATA[8:29am]]></time>
		<impact><![CDATA[Low]]></impact>
		<forecast />
		<previous><![CDATA[-118.8B]]></previous>
	</event>
	<event>
		<title>Final Services PMI</title>
		<country>GBP</country>
		<date><![CDATA[08-04-2021]]></date>
		<time><![CDATA[8:30am]]></time>
		<impact><![CDATA[Low]]></impact>
		<forecast><![CDATA[57.8]]></forecast>
		<previous><![CDATA[57.8]]></previous>
	</event>
	<event>
		<title>Retail Sales m/m</title>
		<country>EUR</country>
		<date><![CDATA[08-04-2021]]></date>
		<time><![CDATA[9:00am]]></time>
		<impact><![CDATA[Low]]></impact>
		<forecast><![CDATA[1.6%]]></forecast>
		<previous><![CDATA[4.6%]]></previous>
	</event>
	<event>
		<title>ADP Non-Farm Employment Change</title>
		<country>USD</country>
		<date><![CDATA[08-04-2021]]></date>
		<time><![CDATA[12:15pm]]></time>
		<impact><![CDATA[High]]></impact>
		<forecast><![CDATA[695K]]></forecast>
		<previous><![CDATA[692K]]></previous>
	</event>
	<event>
		<title>Building Permits m/m</title>
		<country>CAD</country>
		<date><![CDATA[08-04-2021]]></date>
		<time><![CDATA[12:30pm]]></time>
		<impact><![CDATA[Low]]></impact>
		<forecast><![CDATA[6.0%]]></forecast>
		<previous><![CDATA[-14.8%]]></previous>
	</event>
	<event>
		<title>Final Services PMI</title>
		<country>USD</country>
		<date><![CDATA[08-04-2021]]></date>
		<time><![CDATA[1:45pm]]></time>
		<impact><![CDATA[Low]]></impact>
		<forecast><![CDATA[59.8]]></forecast>
		<previous><![CDATA[59.8]]></previous>
	</event>
	<event>
		<title>ISM Services PMI</title>
		<country>USD</country>
		<date><![CDATA[08-04-2021]]></date>
		<time><![CDATA[2:00pm]]></time>
		<impact><![CDATA[High]]></impact>
		<forecast><![CDATA[60.5]]></forecast>
		<previous><![CDATA[60.1]]></previous>
	</event>
	<event>
		<title>FOMC Member Clarida Speaks</title>
		<country>USD</country>
		<date><![CDATA[08-04-2021]]></date>
		<time><![CDATA[2:00pm]]></time>
		<impact><![CDATA[Low]]></impact>
		<forecast />
		<previous />
	</event>
	<event>
		<title>Crude Oil Inventories</title>
		<country>USD</country>
		<date><![CDATA[08-04-2021]]></date>
		<time><![CDATA[2:30pm]]></time>
		<impact><![CDATA[Medium]]></impact>
		<forecast><![CDATA[-3.2M]]></forecast>
		<previous><![CDATA[-4.1M]]></previous>
	</event>
	<event>
		<title>Trade Balance</title>
		<country>AUD</country>
		<date><![CDATA[08-05-2021]]></date>
		<time><![CDATA[1:30am]]></time>
		<impact><![CDATA[Low]]></impact>
		<forecast><![CDATA[10.55B]]></forecast>
		<previous><![CDATA[9.68B]]></previous>
	</event>
	<event>
		<title>German Factory Orders m/m</title>
		<country>EUR</country>
		<date><![CDATA[08-05-2021]]></date>
		<time><![CDATA[6:00am]]></time>
		<impact><![CDATA[Low]]></impact>
		<forecast><![CDATA[2.1%]]></forecast>
		<previous><![CDATA[-3.7%]]></previous>
	</event>
	<event>
		<title>French Industrial Production m/m</title>
		<country>EUR</country>
		<date><![CDATA[08-05-2021]]></date>
		<time><![CDATA[6:45am]]></time>
		<impact><![CDATA[Low]]></impact>
		<forecast><![CDATA[0.5%]]></forecast>
		<previous><![CDATA[-0.3%]]></previous>
	</event>
	<event>
		<title>ECB Economic Bulletin</title>
		<country>EUR</country>
		<date><![CDATA[08-05-2021]]></date>
		<time><![CDATA[8:00am]]></time>
		<impact><![CDATA[Low]]></impact>
		<forecast />
		<previous />
	</event>
	<event>
		<title>Construction PMI</title>
		<country>GBP</country>
		<date><![CDATA[08-05-2021]]></date>
		<time><![CDATA[8:30am]]></time>
		<impact><![CDATA[Low]]></impact>
		<forecast><![CDATA[64.5]]></forecast>
		<previous><![CDATA[66.3]]></previous>
	</event>
	<event>
		<title>Spanish 10-y Bond Auction</title>
		<country>EUR</country>
		<date><![CDATA[08-05-2021]]></date>
		<time><![CDATA[8:51am]]></time>
		<impact><![CDATA[Low]]></impact>
		<forecast />
		<previous><![CDATA[0.35|1.8]]></previous>
	</event>
	<event>
		<title>French 10-y Bond Auction</title>
		<country>EUR</country>
		<date><![CDATA[08-05-2021]]></date>
		<time><![CDATA[8:57am]]></time>
		<impact><![CDATA[Low]]></impact>
		<forecast />
		<previous><![CDATA[0.13|2.1]]></previous>
	</event>
	<event>
		<title>BOE Monetary Policy Report</title>
		<country>GBP</country>
		<date><![CDATA[08-05-2021]]></date>
		<time><![CDATA[11:00am]]></time>
		<impact><![CDATA[High]]></impact>
		<forecast />
		<previous />
	</event>
	<event>
		<title>Official Bank Rate</title>
		<country>GBP</country>
		<date><![CDATA[08-05-2021]]></date>
		<time><![CDATA[11:00am]]></time>
		<impact><![CDATA[Medium]]></impact>
		<forecast><![CDATA[0.10%]]></forecast>
		<previous><![CDATA[0.10%]]></previous>
	</event>
	<event>
		<title>MPC Asset Purchase Facility Votes</title>
		<country>GBP</country>
		<date><![CDATA[08-05-2021]]></date>
		<time><![CDATA[11:00am]]></time>
		<impact><![CDATA[High]]></impact>
		<forecast><![CDATA[0-1-7]]></forecast>
		<previous><![CDATA[0-1-8]]></previous>
	</event>
	<event>
		<title>MPC Official Bank Rate Votes</title>
		<country>GBP</country>
		<date><![CDATA[08-05-2021]]></date>
		<time><![CDATA[11:00am]]></time>
		<impact><![CDATA[Medium]]></impact>
		<forecast><![CDATA[0-0-8]]></forecast>
		<previous><![CDATA[0-0-9]]></previous>
	</event>
	<event>
		<title>Asset Purchase Facility</title>
		<country>GBP</country>
		<date><![CDATA[08-05-2021]]></date>
		<time><![CDATA[11:00am]]></time>
		<impact><![CDATA[High]]></impact>
		<forecast><![CDATA[895B]]></forecast>
		<previous><![CDATA[895B]]></previous>
	</event>
	<event>
		<title>Monetary Policy Summary</title>
		<country>GBP</country>
		<date><![CDATA[08-05-2021]]></date>
		<time><![CDATA[11:00am]]></time>
		<impact><![CDATA[High]]></impact>
		<forecast />
		<previous />
	</event>
	<event>
		<title>Challenger Job Cuts y/y</title>
		<country>USD</country>
		<date><![CDATA[08-05-2021]]></date>
		<time><![CDATA[11:30am]]></time>
		<impact><![CDATA[Low]]></impact>
		<forecast />
		<previous><![CDATA[-88.0%]]></previous>
	</event>
	<event>
		<title>BOE Gov Bailey Speaks</title>
		<country>GBP</country>
		<date><![CDATA[08-05-2021]]></date>
		<time><![CDATA[12:00pm]]></time>
		<impact><![CDATA[High]]></impact>
		<forecast />
		<previous />
	</event>
	<event>
		<title>Unemployment Claims</title>
		<country>USD</country>
		<date><![CDATA[08-05-2021]]></date>
		<time><![CDATA[12:30pm]]></time>
		<impact><![CDATA[Medium]]></impact>
		<forecast><![CDATA[382K]]></forecast>
		<previous><![CDATA[400K]]></previous>
	</event>
	<event>
		<title>Trade Balance</title>
		<country>USD</country>
		<date><![CDATA[08-05-2021]]></date>
		<time><![CDATA[12:30pm]]></time>
		<impact><![CDATA[Low]]></impact>
		<forecast><![CDATA[-74.2B]]></forecast>
		<previous><![CDATA[-71.2B]]></previous>
	</event>
	<event>
		<title>Trade Balance</title>
		<country>CAD</country>
		<date><![CDATA[08-05-2021]]></date>
		<time><![CDATA[12:30pm]]></time>
		<impact><![CDATA[Low]]></impact>
		<forecast><![CDATA[-0.6B]]></forecast>
		<previous><![CDATA[-1.4B]]></previous>
	</event>
	<event>
		<title>FOMC Member Waller Speaks</title>
		<country>USD</country>
		<date><![CDATA[08-05-2021]]></date>
		<time><![CDATA[2:00pm]]></time>
		<impact><![CDATA[Medium]]></impact>
		<forecast />
		<previous />
	</event>
	<event>
		<title>Natural Gas Storage</title>
		<country>USD</country>
		<date><![CDATA[08-05-2021]]></date>
		<time><![CDATA[2:30pm]]></time>
		<impact><![CDATA[Low]]></impact>
		<forecast><![CDATA[19B]]></forecast>
		<previous><![CDATA[36B]]></previous>
	</event>
	<event>
		<title>AIG Services Index</title>
		<country>AUD</country>
		<date><![CDATA[08-05-2021]]></date>
		<time><![CDATA[10:30pm]]></time>
		<impact><![CDATA[Low]]></impact>
		<forecast />
		<previous><![CDATA[57.8]]></previous>
	</event>
	<event>
		<title>RBA Gov Lowe Speaks</title>
		<country>AUD</country>
		<date><![CDATA[08-05-2021]]></date>
		<time><![CDATA[11:00pm]]></time>
		<impact><![CDATA[High]]></impact>
		<forecast />
		<previous />
	</event>
	<event>
		<title>Household Spending y/y</title>
		<country>JPY</country>
		<date><![CDATA[08-05-2021]]></date>
		<time><![CDATA[11:30pm]]></time>
		<impact><![CDATA[Low]]></impact>
		<forecast><![CDATA[0.1%]]></forecast>
		<previous><![CDATA[11.6%]]></previous>
	</event>
	<event>
		<title>Average Cash Earnings y/y</title>
		<country>JPY</country>
		<date><![CDATA[08-05-2021]]></date>
		<time><![CDATA[11:30pm]]></time>
		<impact><![CDATA[Low]]></impact>
		<forecast><![CDATA[1.0%]]></forecast>
		<previous><![CDATA[1.9%]]></previous>
	</event>
	<event>
		<title>RBA Monetary Policy Statement</title>
		<country>AUD</country>
		<date><![CDATA[08-06-2021]]></date>
		<time><![CDATA[1:30am]]></time>
		<impact><![CDATA[Medium]]></impact>
		<forecast />
		<previous />
	</event>
	<event>
		<title>Leading Indicators</title>
		<country>JPY</country>
		<date><![CDATA[08-06-2021]]></date>
		<time><![CDATA[5:00am]]></time>
		<impact><![CDATA[Low]]></impact>
		<forecast><![CDATA[104.2%]]></forecast>
		<previous><![CDATA[102.6%]]></previous>
	</event>
	<event>
		<title>German Industrial Production m/m</title>
		<country>EUR</country>
		<date><![CDATA[08-06-2021]]></date>
		<time><![CDATA[6:00am]]></time>
		<impact><![CDATA[Low]]></impact>
		<forecast><![CDATA[0.6%]]></forecast>
		<previous><![CDATA[-0.3%]]></previous>
	</event>
	<event>
		<title>French Trade Balance</title>
		<country>EUR</country>
		<date><![CDATA[08-06-2021]]></date>
		<time><![CDATA[6:45am]]></time>
		<impact><![CDATA[Low]]></impact>
		<forecast><![CDATA[-6.1B]]></forecast>
		<previous><![CDATA[-6.8B]]></previous>
	</event>
	<event>
		<title>French Prelim Private Payrolls q/q</title>
		<country>EUR</country>
		<date><![CDATA[08-06-2021]]></date>
		<time><![CDATA[6:45am]]></time>
		<impact><![CDATA[Low]]></impact>
		<forecast><![CDATA[0.6%]]></forecast>
		<previous><![CDATA[0.3%]]></previous>
	</event>
	<event>
		<title>Foreign Currency Reserves</title>
		<country>CHF</country>
		<date><![CDATA[08-06-2021]]></date>
		<time><![CDATA[7:00am]]></time>
		<impact><![CDATA[Low]]></impact>
		<forecast />
		<previous><![CDATA[941B]]></previous>
	</event>
	<event>
		<title>Halifax HPI m/m</title>
		<country>GBP</country>
		<date><![CDATA[08-06-2021]]></date>
		<time><![CDATA[7:30am]]></time>
		<impact><![CDATA[Low]]></impact>
		<forecast><![CDATA[0.4%]]></forecast>
		<previous><![CDATA[-0.5%]]></previous>
	</event>
	<event>
		<title>Italian Industrial Production m/m</title>
		<country>EUR</country>
		<date><![CDATA[08-06-2021]]></date>
		<time><![CDATA[8:00am]]></time>
		<impact><![CDATA[Low]]></impact>
		<forecast><![CDATA[1.1%]]></forecast>
		<previous><![CDATA[-1.5%]]></previous>
	</event>
	<event>
		<title>MPC Member Broadbent Speaks</title>
		<country>GBP</country>
		<date><![CDATA[08-06-2021]]></date>
		<time><![CDATA[11:15am]]></time>
		<impact><![CDATA[High]]></impact>
		<forecast />
		<previous />
	</event>
	<event>
		<title>Non-Farm Employment Change</title>
		<country>USD</country>
		<date><![CDATA[08-06-2021]]></date>
		<time><![CDATA[12:30pm]]></time>
		<impact><![CDATA[High]]></impact>
		<forecast><![CDATA[870K]]></forecast>
		<previous><![CDATA[850K]]></previous>
	</event>
	<event>
		<title>Average Hourly Earnings m/m</title>
		<country>USD</country>
		<date><![CDATA[08-06-2021]]></date>
		<time><![CDATA[12:30pm]]></time>
		<impact><![CDATA[High]]></impact>
		<forecast><![CDATA[0.3%]]></forecast>
		<previous><![CDATA[0.3%]]></previous>
	</event>
	<event>
		<title>Unemployment Rate</title>
		<country>USD</country>
		<date><![CDATA[08-06-2021]]></date>
		<time><![CDATA[12:30pm]]></time>
		<impact><![CDATA[High]]></impact>
		<forecast><![CDATA[5.7%]]></forecast>
		<previous><![CDATA[5.9%]]></previous>
	</event>
	<event>
		<title>Unemployment Rate</title>
		<country>CAD</country>
		<date><![CDATA[08-06-2021]]></date>
		<time><![CDATA[12:30pm]]></time>
		<impact><![CDATA[High]]></impact>
		<forecast><![CDATA[7.4%]]></forecast>
		<previous><![CDATA[7.8%]]></previous>
	</event>
	<event>
		<title>Employment Change</title>
		<country>CAD</country>
		<date><![CDATA[08-06-2021]]></date>
		<time><![CDATA[12:30pm]]></time>
		<impact><![CDATA[High]]></impact>
		<forecast><![CDATA[148.5K]]></forecast>
		<previous><![CDATA[230.7K]]></previous>
	</event>
	<event>
		<title>Ivey PMI</title>
		<country>CAD</country>
		<date><![CDATA[08-06-2021]]></date>
		<time><![CDATA[2:00pm]]></time>
		<impact><![CDATA[Medium]]></impact>
		<forecast><![CDATA[67.3]]></forecast>
		<previous><![CDATA[71.9]]></previous>
	</event>
	<event>
		<title>Final Wholesale Inventories m/m</title>
		<country>USD</country>
		<date><![CDATA[08-06-2021]]></date>
		<time><![CDATA[2:00pm]]></time>
		<impact><![CDATA[Low]]></impact>
		<forecast><![CDATA[0.8%]]></forecast>
		<previous><![CDATA[0.8%]]></previous>
	</event>
	<event>
		<title>Consumer Credit m/m</title>
		<country>USD</country>
		<date><![CDATA[08-06-2021]]></date>
		<time><![CDATA[7:00pm]]></time>
		<impact><![CDATA[Low]]></impact>
		<forecast><![CDATA[23.2B]]></forecast>
		<previous><![CDATA[35.3B]]></previous>
	</event>
	<event>
		<title>Trade Balance</title>
		<country>CNY</country>
		<date><![CDATA[08-07-2021]]></date>
		<time><![CDATA[3:03am]]></time>
		<impact><![CDATA[Low]]></impact>
		<forecast><![CDATA[356B]]></forecast>
		<previous><![CDATA[333B]]></previous>
	</event>
	<event>
		<title>USD-Denominated Trade Balance</title>
		<country>CNY</country>
		<date><![CDATA[08-07-2021]]></date>
		<time><![CDATA[3:04am]]></time>
		<impact><![CDATA[Low]]></impact>
		<forecast><![CDATA[51.8B]]></forecast>
		<previous><![CDATA[51.5B]]></previous>
	</event>
</weeklyevents>
