<?xml version="1.0" encoding="windows-1252"?>
<weeklyevents>
	<event>
		<title>ECB President Lagarde Speaks</title>
		<country>EUR</country>
		<date><![CDATA[10-18-2020]]></date>
		<time><![CDATA[1:05pm]]></time>
		<impact><![CDATA[Medium]]></impact>
		<forecast />
		<previous />
	</event>
	<event>
		<title>IMF Meetings</title>
		<country>ALL</country>
		<date><![CDATA[10-18-2020]]></date>
		<time><![CDATA[2:15pm]]></time>
		<impact><![CDATA[Low]]></impact>
		<forecast />
		<previous />
	</event>
	<event>
		<title>Rightmove HPI m/m</title>
		<country>GBP</country>
		<date><![CDATA[10-18-2020]]></date>
		<time><![CDATA[11:01pm]]></time>
		<impact><![CDATA[Low]]></impact>
		<forecast />
		<previous><![CDATA[0.2%]]></previous>
	</event>
	<event>
		<title>Trade Balance</title>
		<country>JPY</country>
		<date><![CDATA[10-18-2020]]></date>
		<time><![CDATA[11:50pm]]></time>
		<impact><![CDATA[Low]]></impact>
		<forecast><![CDATA[0.85T]]></forecast>
		<previous><![CDATA[0.35T]]></previous>
	</event>
	<event>
		<title>GDP q/y</title>
		<country>CNY</country>
		<date><![CDATA[10-19-2020]]></date>
		<time><![CDATA[1:59am]]></time>
		<impact><![CDATA[High]]></impact>
		<forecast><![CDATA[5.5%]]></forecast>
		<previous><![CDATA[3.2%]]></previous>
	</event>
	<event>
		<title>Unemployment Rate</title>
		<country>CNY</country>
		<date><![CDATA[10-19-2020]]></date>
		<time><![CDATA[2:00am]]></time>
		<impact><![CDATA[Low]]></impact>
		<forecast><![CDATA[5.5%]]></forecast>
		<previous><![CDATA[5.6%]]></previous>
	</event>
	<event>
		<title>Retail Sales y/y</title>
		<country>CNY</country>
		<date><![CDATA[10-19-2020]]></date>
		<time><![CDATA[2:00am]]></time>
		<impact><![CDATA[Low]]></impact>
		<forecast><![CDATA[1.7%]]></forecast>
		<previous><![CDATA[0.5%]]></previous>
	</event>
	<event>
		<title>Fixed Asset Investment ytd/y</title>
		<country>CNY</country>
		<date><![CDATA[10-19-2020]]></date>
		<time><![CDATA[2:00am]]></time>
		<impact><![CDATA[Low]]></impact>
		<forecast><![CDATA[0.9%]]></forecast>
		<previous><![CDATA[-0.3%]]></previous>
	</event>
	<event>
		<title>Industrial Production y/y</title>
		<country>CNY</country>
		<date><![CDATA[10-19-2020]]></date>
		<time><![CDATA[2:00am]]></time>
		<impact><![CDATA[Low]]></impact>
		<forecast><![CDATA[5.8%]]></forecast>
		<previous><![CDATA[5.6%]]></previous>
	</event>
	<event>
		<title>NBS Press Conference</title>
		<country>CNY</country>
		<date><![CDATA[10-19-2020]]></date>
		<time><![CDATA[2:00am]]></time>
		<impact><![CDATA[Low]]></impact>
		<forecast />
		<previous />
	</event>
	<event>
		<title>OPEC-JMMC Meetings</title>
		<country>ALL</country>
		<date><![CDATA[10-19-2020]]></date>
		<time><![CDATA[10:15am]]></time>
		<impact><![CDATA[High]]></impact>
		<forecast />
		<previous />
	</event>
	<event>
		<title>Fed Chair Powell Speaks</title>
		<country>USD</country>
		<date><![CDATA[10-19-2020]]></date>
		<time><![CDATA[12:00pm]]></time>
		<impact><![CDATA[High]]></impact>
		<forecast />
		<previous />
	</event>
	<event>
		<title>Wholesale Sales m/m</title>
		<country>CAD</country>
		<date><![CDATA[10-19-2020]]></date>
		<time><![CDATA[12:30pm]]></time>
		<impact><![CDATA[Low]]></impact>
		<forecast><![CDATA[0.1%]]></forecast>
		<previous><![CDATA[4.3%]]></previous>
	</event>
	<event>
		<title>ECB President Lagarde Speaks</title>
		<country>EUR</country>
		<date><![CDATA[10-19-2020]]></date>
		<time><![CDATA[12:45pm]]></time>
		<impact><![CDATA[Medium]]></impact>
		<forecast />
		<previous />
	</event>
	<event>
		<title>NAHB Housing Market Index</title>
		<country>USD</country>
		<date><![CDATA[10-19-2020]]></date>
		<time><![CDATA[2:00pm]]></time>
		<impact><![CDATA[Low]]></impact>
		<forecast><![CDATA[83]]></forecast>
		<previous><![CDATA[83]]></previous>
	</event>
	<event>
		<title>MPC Member Cunliffe Speaks</title>
		<country>GBP</country>
		<date><![CDATA[10-19-2020]]></date>
		<time><![CDATA[2:05pm]]></time>
		<impact><![CDATA[Low]]></impact>
		<forecast />
		<previous />
	</event>
	<event>
		<title>BOC Business Outlook Survey</title>
		<country>CAD</country>
		<date><![CDATA[10-19-2020]]></date>
		<time><![CDATA[2:30pm]]></time>
		<impact><![CDATA[Medium]]></impact>
		<forecast />
		<previous />
	</event>
	<event>
		<title>MPC Member Cunliffe Speaks</title>
		<country>GBP</country>
		<date><![CDATA[10-19-2020]]></date>
		<time><![CDATA[3:00pm]]></time>
		<impact><![CDATA[Low]]></impact>
		<forecast />
		<previous />
	</event>
	<event>
		<title>FOMC Member Clarida Speaks</title>
		<country>USD</country>
		<date><![CDATA[10-19-2020]]></date>
		<time><![CDATA[3:45pm]]></time>
		<impact><![CDATA[Low]]></impact>
		<forecast />
		<previous />
	</event>
	<event>
		<title>FOMC Member Harker Speaks</title>
		<country>USD</country>
		<date><![CDATA[10-19-2020]]></date>
		<time><![CDATA[7:00pm]]></time>
		<impact><![CDATA[Low]]></impact>
		<forecast />
		<previous />
	</event>
	<event>
		<title>NZIER Business Confidence</title>
		<country>NZD</country>
		<date><![CDATA[10-19-2020]]></date>
		<time><![CDATA[9:00pm]]></time>
		<impact><![CDATA[Low]]></impact>
		<forecast />
		<previous><![CDATA[-63]]></previous>
	</event>
	<event>
		<title>RBA Assist Gov Kent Speaks</title>
		<country>AUD</country>
		<date><![CDATA[10-19-2020]]></date>
		<time><![CDATA[11:00pm]]></time>
		<impact><![CDATA[Medium]]></impact>
		<forecast />
		<previous />
	</event>
	<event>
		<title>Monetary Policy Meeting Minutes</title>
		<country>AUD</country>
		<date><![CDATA[10-20-2020]]></date>
		<time><![CDATA[12:30am]]></time>
		<impact><![CDATA[High]]></impact>
		<forecast />
		<previous />
	</event>
	<event>
		<title>Trade Balance</title>
		<country>CHF</country>
		<date><![CDATA[10-20-2020]]></date>
		<time><![CDATA[6:00am]]></time>
		<impact><![CDATA[Low]]></impact>
		<forecast><![CDATA[4.32B]]></forecast>
		<previous><![CDATA[3.58B]]></previous>
	</event>
	<event>
		<title>German PPI m/m</title>
		<country>EUR</country>
		<date><![CDATA[10-20-2020]]></date>
		<time><![CDATA[6:00am]]></time>
		<impact><![CDATA[Low]]></impact>
		<forecast><![CDATA[0.1%]]></forecast>
		<previous><![CDATA[0.0%]]></previous>
	</event>
	<event>
		<title>Current Account</title>
		<country>EUR</country>
		<date><![CDATA[10-20-2020]]></date>
		<time><![CDATA[8:00am]]></time>
		<impact><![CDATA[Low]]></impact>
		<forecast><![CDATA[17.2B]]></forecast>
		<previous><![CDATA[16.6B]]></previous>
	</event>
	<event>
		<title>Housing Starts</title>
		<country>USD</country>
		<date><![CDATA[10-20-2020]]></date>
		<time><![CDATA[12:30pm]]></time>
		<impact><![CDATA[Low]]></impact>
		<forecast><![CDATA[1.45M]]></forecast>
		<previous><![CDATA[1.42M]]></previous>
	</event>
	<event>
		<title>Building Permits</title>
		<country>USD</country>
		<date><![CDATA[10-20-2020]]></date>
		<time><![CDATA[12:30pm]]></time>
		<impact><![CDATA[Low]]></impact>
		<forecast><![CDATA[1.52M]]></forecast>
		<previous><![CDATA[1.47M]]></previous>
	</event>
	<event>
		<title>CB Leading Index m/m</title>
		<country>CNY</country>
		<date><![CDATA[10-20-2020]]></date>
		<time><![CDATA[1:00pm]]></time>
		<impact><![CDATA[Low]]></impact>
		<forecast />
		<previous><![CDATA[1.2%]]></previous>
	</event>
	<event>
		<title>FOMC Member Williams Speaks</title>
		<country>USD</country>
		<date><![CDATA[10-20-2020]]></date>
		<time><![CDATA[1:00pm]]></time>
		<impact><![CDATA[Low]]></impact>
		<forecast />
		<previous />
	</event>
	<event>
		<title>CB Leading Index m/m</title>
		<country>AUD</country>
		<date><![CDATA[10-20-2020]]></date>
		<time><![CDATA[2:30pm]]></time>
		<impact><![CDATA[Low]]></impact>
		<forecast />
		<previous><![CDATA[-0.3%]]></previous>
	</event>
	<event>
		<title>FOMC Member Quarles Speaks</title>
		<country>USD</country>
		<date><![CDATA[10-20-2020]]></date>
		<time><![CDATA[2:50pm]]></time>
		<impact><![CDATA[Low]]></impact>
		<forecast />
		<previous />
	</event>
	<event>
		<title>GDT Price Index</title>
		<country>NZD</country>
		<date><![CDATA[10-20-2020]]></date>
		<time><![CDATA[3:33pm]]></time>
		<impact><![CDATA[Low]]></impact>
		<forecast />
		<previous><![CDATA[2.2%]]></previous>
	</event>
	<event>
		<title>MI Leading Index m/m</title>
		<country>AUD</country>
		<date><![CDATA[10-20-2020]]></date>
		<time><![CDATA[11:30pm]]></time>
		<impact><![CDATA[Low]]></impact>
		<forecast />
		<previous><![CDATA[0.5%]]></previous>
	</event>
	<event>
		<title>Credit Card Spending y/y</title>
		<country>NZD</country>
		<date><![CDATA[10-21-2020]]></date>
		<time><![CDATA[2:00am]]></time>
		<impact><![CDATA[Low]]></impact>
		<forecast />
		<previous><![CDATA[-11.9%]]></previous>
	</event>
	<event>
		<title>Core CPI y/y</title>
		<country>GBP</country>
		<date><![CDATA[10-21-2020]]></date>
		<time><![CDATA[6:00am]]></time>
		<impact><![CDATA[Low]]></impact>
		<forecast><![CDATA[1.3%]]></forecast>
		<previous><![CDATA[0.9%]]></previous>
	</event>
	<event>
		<title>CPI y/y</title>
		<country>GBP</country>
		<date><![CDATA[10-21-2020]]></date>
		<time><![CDATA[6:00am]]></time>
		<impact><![CDATA[Medium]]></impact>
		<forecast><![CDATA[0.4%]]></forecast>
		<previous><![CDATA[0.2%]]></previous>
	</event>
	<event>
		<title>PPI Input m/m</title>
		<country>GBP</country>
		<date><![CDATA[10-21-2020]]></date>
		<time><![CDATA[6:00am]]></time>
		<impact><![CDATA[Low]]></impact>
		<forecast><![CDATA[-0.9%]]></forecast>
		<previous><![CDATA[-0.4%]]></previous>
	</event>
	<event>
		<title>PPI Output m/m</title>
		<country>GBP</country>
		<date><![CDATA[10-21-2020]]></date>
		<time><![CDATA[6:00am]]></time>
		<impact><![CDATA[Low]]></impact>
		<forecast><![CDATA[-0.1%]]></forecast>
		<previous><![CDATA[0.0%]]></previous>
	</event>
	<event>
		<title>RPI y/y</title>
		<country>GBP</country>
		<date><![CDATA[10-21-2020]]></date>
		<time><![CDATA[6:00am]]></time>
		<impact><![CDATA[Low]]></impact>
		<forecast><![CDATA[1.2%]]></forecast>
		<previous><![CDATA[0.5%]]></previous>
	</event>
	<event>
		<title>Public Sector Net Borrowing</title>
		<country>GBP</country>
		<date><![CDATA[10-21-2020]]></date>
		<time><![CDATA[6:00am]]></time>
		<impact><![CDATA[Low]]></impact>
		<forecast><![CDATA[32.5B]]></forecast>
		<previous><![CDATA[35.2B]]></previous>
	</event>
	<event>
		<title>HPI y/y</title>
		<country>GBP</country>
		<date><![CDATA[10-21-2020]]></date>
		<time><![CDATA[8:30am]]></time>
		<impact><![CDATA[Low]]></impact>
		<forecast><![CDATA[2.4%]]></forecast>
		<previous><![CDATA[2.3%]]></previous>
	</event>
	<event>
		<title>MPC Member Ramsden Speaks</title>
		<country>GBP</country>
		<date><![CDATA[10-21-2020]]></date>
		<time><![CDATA[12:10pm]]></time>
		<impact><![CDATA[Medium]]></impact>
		<forecast />
		<previous />
	</event>
	<event>
		<title>Retail Sales m/m</title>
		<country>CAD</country>
		<date><![CDATA[10-21-2020]]></date>
		<time><![CDATA[12:30pm]]></time>
		<impact><![CDATA[Medium]]></impact>
		<forecast><![CDATA[1.0%]]></forecast>
		<previous><![CDATA[0.6%]]></previous>
	</event>
	<event>
		<title>Core Retail Sales m/m</title>
		<country>CAD</country>
		<date><![CDATA[10-21-2020]]></date>
		<time><![CDATA[12:30pm]]></time>
		<impact><![CDATA[Medium]]></impact>
		<forecast><![CDATA[0.9%]]></forecast>
		<previous><![CDATA[-0.4%]]></previous>
	</event>
	<event>
		<title>NHPI m/m</title>
		<country>CAD</country>
		<date><![CDATA[10-21-2020]]></date>
		<time><![CDATA[12:30pm]]></time>
		<impact><![CDATA[Low]]></impact>
		<forecast />
		<previous><![CDATA[0.5%]]></previous>
	</event>
	<event>
		<title>Common CPI y/y</title>
		<country>CAD</country>
		<date><![CDATA[10-21-2020]]></date>
		<time><![CDATA[12:30pm]]></time>
		<impact><![CDATA[Low]]></impact>
		<forecast><![CDATA[1.5%]]></forecast>
		<previous><![CDATA[1.5%]]></previous>
	</event>
	<event>
		<title>Core CPI m/m</title>
		<country>CAD</country>
		<date><![CDATA[10-21-2020]]></date>
		<time><![CDATA[12:30pm]]></time>
		<impact><![CDATA[Low]]></impact>
		<forecast />
		<previous><![CDATA[0.0%]]></previous>
	</event>
	<event>
		<title>CPI m/m</title>
		<country>CAD</country>
		<date><![CDATA[10-21-2020]]></date>
		<time><![CDATA[12:30pm]]></time>
		<impact><![CDATA[High]]></impact>
		<forecast><![CDATA[-0.1%]]></forecast>
		<previous><![CDATA[-0.1%]]></previous>
	</event>
	<event>
		<title>Median CPI y/y</title>
		<country>CAD</country>
		<date><![CDATA[10-21-2020]]></date>
		<time><![CDATA[12:30pm]]></time>
		<impact><![CDATA[Low]]></impact>
		<forecast><![CDATA[1.9%]]></forecast>
		<previous><![CDATA[1.9%]]></previous>
	</event>
	<event>
		<title>Trimmed CPI y/y</title>
		<country>CAD</country>
		<date><![CDATA[10-21-2020]]></date>
		<time><![CDATA[12:30pm]]></time>
		<impact><![CDATA[Low]]></impact>
		<forecast><![CDATA[1.7%]]></forecast>
		<previous><![CDATA[1.7%]]></previous>
	</event>
	<event>
		<title>FOMC Member Brainard Speaks</title>
		<country>USD</country>
		<date><![CDATA[10-21-2020]]></date>
		<time><![CDATA[12:50pm]]></time>
		<impact><![CDATA[Low]]></impact>
		<forecast />
		<previous />
	</event>
	<event>
		<title>FOMC Member Mester Speaks</title>
		<country>USD</country>
		<date><![CDATA[10-21-2020]]></date>
		<time><![CDATA[2:00pm]]></time>
		<impact><![CDATA[Low]]></impact>
		<forecast />
		<previous />
	</event>
	<event>
		<title>Crude Oil Inventories</title>
		<country>USD</country>
		<date><![CDATA[10-21-2020]]></date>
		<time><![CDATA[2:30pm]]></time>
		<impact><![CDATA[Low]]></impact>
		<forecast><![CDATA[0.5M]]></forecast>
		<previous><![CDATA[-3.8M]]></previous>
	</event>
	<event>
		<title>Beige Book</title>
		<country>USD</country>
		<date><![CDATA[10-21-2020]]></date>
		<time><![CDATA[6:00pm]]></time>
		<impact><![CDATA[Low]]></impact>
		<forecast />
		<previous />
	</event>
	<event>
		<title>RBA Deputy Gov Debelle Speaks</title>
		<country>AUD</country>
		<date><![CDATA[10-21-2020]]></date>
		<time><![CDATA[10:30pm]]></time>
		<impact><![CDATA[Low]]></impact>
		<forecast />
		<previous />
	</event>
	<event>
		<title>NAB Quarterly Business Confidence</title>
		<country>AUD</country>
		<date><![CDATA[10-22-2020]]></date>
		<time><![CDATA[12:30am]]></time>
		<impact><![CDATA[Low]]></impact>
		<forecast />
		<previous><![CDATA[-15]]></previous>
	</event>
	<event>
		<title>German GfK Consumer Climate</title>
		<country>EUR</country>
		<date><![CDATA[10-22-2020]]></date>
		<time><![CDATA[6:00am]]></time>
		<impact><![CDATA[Low]]></impact>
		<forecast><![CDATA[-2.9]]></forecast>
		<previous><![CDATA[-1.6]]></previous>
	</event>
	<event>
		<title>MPC Member Haldane Speaks</title>
		<country>GBP</country>
		<date><![CDATA[10-22-2020]]></date>
		<time><![CDATA[8:30am]]></time>
		<impact><![CDATA[Low]]></impact>
		<forecast />
		<previous />
	</event>
	<event>
		<title>BOE Gov Bailey Speaks</title>
		<country>GBP</country>
		<date><![CDATA[10-22-2020]]></date>
		<time><![CDATA[9:25am]]></time>
		<impact><![CDATA[High]]></impact>
		<forecast />
		<previous />
	</event>
	<event>
		<title>CBI Industrial Order Expectations</title>
		<country>GBP</country>
		<date><![CDATA[10-22-2020]]></date>
		<time><![CDATA[10:00am]]></time>
		<impact><![CDATA[Low]]></impact>
		<forecast><![CDATA[-50]]></forecast>
		<previous><![CDATA[-48]]></previous>
	</event>
	<event>
		<title>30-y Bond Auction</title>
		<country>GBP</country>
		<date><![CDATA[10-22-2020]]></date>
		<time><![CDATA[10:37am]]></time>
		<impact><![CDATA[Low]]></impact>
		<forecast />
		<previous><![CDATA[0.83|2.2]]></previous>
	</event>
	<event>
		<title>Unemployment Claims</title>
		<country>USD</country>
		<date><![CDATA[10-22-2020]]></date>
		<time><![CDATA[12:30pm]]></time>
		<impact><![CDATA[Medium]]></impact>
		<forecast><![CDATA[860K]]></forecast>
		<previous><![CDATA[898K]]></previous>
	</event>
	<event>
		<title>Consumer Confidence</title>
		<country>EUR</country>
		<date><![CDATA[10-22-2020]]></date>
		<time><![CDATA[2:00pm]]></time>
		<impact><![CDATA[Low]]></impact>
		<forecast><![CDATA[-15]]></forecast>
		<previous><![CDATA[-14]]></previous>
	</event>
	<event>
		<title>Existing Home Sales</title>
		<country>USD</country>
		<date><![CDATA[10-22-2020]]></date>
		<time><![CDATA[2:00pm]]></time>
		<impact><![CDATA[Low]]></impact>
		<forecast><![CDATA[6.20M]]></forecast>
		<previous><![CDATA[6.00M]]></previous>
	</event>
	<event>
		<title>CB Leading Index m/m</title>
		<country>USD</country>
		<date><![CDATA[10-22-2020]]></date>
		<time><![CDATA[2:00pm]]></time>
		<impact><![CDATA[Medium]]></impact>
		<forecast><![CDATA[0.8%]]></forecast>
		<previous><![CDATA[1.2%]]></previous>
	</event>
	<event>
		<title>Natural Gas Storage</title>
		<country>USD</country>
		<date><![CDATA[10-22-2020]]></date>
		<time><![CDATA[2:30pm]]></time>
		<impact><![CDATA[Low]]></impact>
		<forecast><![CDATA[52B]]></forecast>
		<previous><![CDATA[46B]]></previous>
	</event>
	<event>
		<title>CPI q/q</title>
		<country>NZD</country>
		<date><![CDATA[10-22-2020]]></date>
		<time><![CDATA[9:45pm]]></time>
		<impact><![CDATA[Medium]]></impact>
		<forecast><![CDATA[0.9%]]></forecast>
		<previous><![CDATA[-0.5%]]></previous>
	</event>
	<event>
		<title>Flash Manufacturing PMI</title>
		<country>AUD</country>
		<date><![CDATA[10-22-2020]]></date>
		<time><![CDATA[11:00pm]]></time>
		<impact><![CDATA[Low]]></impact>
		<forecast />
		<previous><![CDATA[55.5]]></previous>
	</event>
	<event>
		<title>Flash Services PMI</title>
		<country>AUD</country>
		<date><![CDATA[10-22-2020]]></date>
		<time><![CDATA[11:00pm]]></time>
		<impact><![CDATA[Low]]></impact>
		<forecast />
		<previous><![CDATA[50.0]]></previous>
	</event>
	<event>
		<title>GfK Consumer Confidence</title>
		<country>GBP</country>
		<date><![CDATA[10-22-2020]]></date>
		<time><![CDATA[11:01pm]]></time>
		<impact><![CDATA[Low]]></impact>
		<forecast><![CDATA[-28]]></forecast>
		<previous><![CDATA[-25]]></previous>
	</event>
	<event>
		<title>National Core CPI y/y</title>
		<country>JPY</country>
		<date><![CDATA[10-22-2020]]></date>
		<time><![CDATA[11:30pm]]></time>
		<impact><![CDATA[Low]]></impact>
		<forecast><![CDATA[-0.4%]]></forecast>
		<previous><![CDATA[-0.4%]]></previous>
	</event>
	<event>
		<title>Flash Manufacturing PMI</title>
		<country>JPY</country>
		<date><![CDATA[10-23-2020]]></date>
		<time><![CDATA[12:30am]]></time>
		<impact><![CDATA[Low]]></impact>
		<forecast><![CDATA[48.4]]></forecast>
		<previous><![CDATA[47.3]]></previous>
	</event>
	<event>
		<title>Retail Sales m/m</title>
		<country>GBP</country>
		<date><![CDATA[10-23-2020]]></date>
		<time><![CDATA[6:00am]]></time>
		<impact><![CDATA[Low]]></impact>
		<forecast><![CDATA[0.0%]]></forecast>
		<previous><![CDATA[0.8%]]></previous>
	</event>
	<event>
		<title>French Flash Manufacturing PMI</title>
		<country>EUR</country>
		<date><![CDATA[10-23-2020]]></date>
		<time><![CDATA[7:15am]]></time>
		<impact><![CDATA[Medium]]></impact>
		<forecast><![CDATA[51.3]]></forecast>
		<previous><![CDATA[50.9]]></previous>
	</event>
	<event>
		<title>French Flash Services PMI</title>
		<country>EUR</country>
		<date><![CDATA[10-23-2020]]></date>
		<time><![CDATA[7:15am]]></time>
		<impact><![CDATA[High]]></impact>
		<forecast><![CDATA[47.0]]></forecast>
		<previous><![CDATA[47.5]]></previous>
	</event>
	<event>
		<title>German Flash Manufacturing PMI</title>
		<country>EUR</country>
		<date><![CDATA[10-23-2020]]></date>
		<time><![CDATA[7:30am]]></time>
		<impact><![CDATA[High]]></impact>
		<forecast><![CDATA[55.0]]></forecast>
		<previous><![CDATA[56.6]]></previous>
	</event>
	<event>
		<title>German Flash Services PMI</title>
		<country>EUR</country>
		<date><![CDATA[10-23-2020]]></date>
		<time><![CDATA[7:30am]]></time>
		<impact><![CDATA[High]]></impact>
		<forecast><![CDATA[49.6]]></forecast>
		<previous><![CDATA[49.1]]></previous>
	</event>
	<event>
		<title>Flash Manufacturing PMI</title>
		<country>EUR</country>
		<date><![CDATA[10-23-2020]]></date>
		<time><![CDATA[8:00am]]></time>
		<impact><![CDATA[Medium]]></impact>
		<forecast><![CDATA[53.0]]></forecast>
		<previous><![CDATA[53.7]]></previous>
	</event>
	<event>
		<title>Flash Services PMI</title>
		<country>EUR</country>
		<date><![CDATA[10-23-2020]]></date>
		<time><![CDATA[8:00am]]></time>
		<impact><![CDATA[Medium]]></impact>
		<forecast><![CDATA[47.1]]></forecast>
		<previous><![CDATA[47.6]]></previous>
	</event>
	<event>
		<title>Flash Manufacturing PMI</title>
		<country>GBP</country>
		<date><![CDATA[10-23-2020]]></date>
		<time><![CDATA[8:30am]]></time>
		<impact><![CDATA[Medium]]></impact>
		<forecast><![CDATA[53.2]]></forecast>
		<previous><![CDATA[54.3]]></previous>
	</event>
	<event>
		<title>Flash Services PMI</title>
		<country>GBP</country>
		<date><![CDATA[10-23-2020]]></date>
		<time><![CDATA[8:30am]]></time>
		<impact><![CDATA[Medium]]></impact>
		<forecast><![CDATA[53.4]]></forecast>
		<previous><![CDATA[55.1]]></previous>
	</event>
	<event>
		<title>Belgian NBB Business Climate</title>
		<country>EUR</country>
		<date><![CDATA[10-23-2020]]></date>
		<time><![CDATA[1:00pm]]></time>
		<impact><![CDATA[Low]]></impact>
		<forecast><![CDATA[-11.2]]></forecast>
		<previous><![CDATA[-10.8]]></previous>
	</event>
	<event>
		<title>Flash Services PMI</title>
		<country>USD</country>
		<date><![CDATA[10-23-2020]]></date>
		<time><![CDATA[1:45pm]]></time>
		<impact><![CDATA[Low]]></impact>
		<forecast><![CDATA[54.7]]></forecast>
		<previous><![CDATA[54.6]]></previous>
	</event>
	<event>
		<title>Flash Manufacturing PMI</title>
		<country>USD</country>
		<date><![CDATA[10-23-2020]]></date>
		<time><![CDATA[1:45pm]]></time>
		<impact><![CDATA[Medium]]></impact>
		<forecast><![CDATA[53.5]]></forecast>
		<previous><![CDATA[53.5]]></previous>
	</event>
	<event>
		<title>Daylight Saving Time Shift</title>
		<country>CHF</country>
		<date><![CDATA[10-25-2020]]></date>
		<time><![CDATA[2:00am]]></time>
		<impact><![CDATA[Holiday]]></impact>
		<forecast />
		<previous />
	</event>
	<event>
		<title>Daylight Saving Time Shift</title>
		<country>GBP</country>
		<date><![CDATA[10-25-2020]]></date>
		<time><![CDATA[2:00am]]></time>
		<impact><![CDATA[Holiday]]></impact>
		<forecast />
		<previous />
	</event>
	<event>
		<title>Daylight Saving Time Shift</title>
		<country>EUR</country>
		<date><![CDATA[10-25-2020]]></date>
		<time><![CDATA[2:00am]]></time>
		<impact><![CDATA[Holiday]]></impact>
		<forecast />
		<previous />
	</event>
</weeklyevents>
