<?xml version="1.0" encoding="windows-1252"?>
<weeklyevents>
	<event>
		<title>Bank Holiday</title>
		<country>CNY</country>
		<date><![CDATA[09-28-2020]]></date>
		<time><![CDATA[12:01am]]></time>
		<impact><![CDATA[Holiday]]></impact>
		<forecast />
		<previous />
	</event>
	<event>
		<title>ECB President Lagarde Speaks</title>
		<country>EUR</country>
		<date><![CDATA[09-28-2020]]></date>
		<time><![CDATA[1:45pm]]></time>
		<impact><![CDATA[High]]></impact>
		<forecast />
		<previous />
	</event>
	<event>
		<title>FOMC Member Mester Speaks</title>
		<country>USD</country>
		<date><![CDATA[09-28-2020]]></date>
		<time><![CDATA[6:00pm]]></time>
		<impact><![CDATA[Low]]></impact>
		<forecast />
		<previous />
	</event>
	<event>
		<title>Tokyo Core CPI y/y</title>
		<country>JPY</country>
		<date><![CDATA[09-28-2020]]></date>
		<time><![CDATA[11:30pm]]></time>
		<impact><![CDATA[Low]]></impact>
		<forecast><![CDATA[-0.3%]]></forecast>
		<previous><![CDATA[-0.3%]]></previous>
	</event>
	<event>
		<title>BOJ Summary of Opinions</title>
		<country>JPY</country>
		<date><![CDATA[09-28-2020]]></date>
		<time><![CDATA[11:50pm]]></time>
		<impact><![CDATA[Low]]></impact>
		<forecast />
		<previous />
	</event>
	<event>
		<title>German Prelim CPI m/m</title>
		<country>EUR</country>
		<date><![CDATA[09-29-2020]]></date>
		<time><![CDATA[6:29am]]></time>
		<impact><![CDATA[Low]]></impact>
		<forecast><![CDATA[-0.1%]]></forecast>
		<previous><![CDATA[-0.1%]]></previous>
	</event>
	<event>
		<title>Spanish Flash CPI y/y</title>
		<country>EUR</country>
		<date><![CDATA[09-29-2020]]></date>
		<time><![CDATA[7:00am]]></time>
		<impact><![CDATA[Low]]></impact>
		<forecast><![CDATA[-0.4%]]></forecast>
		<previous><![CDATA[-0.5%]]></previous>
	</event>
	<event>
		<title>M4 Money Supply m/m</title>
		<country>GBP</country>
		<date><![CDATA[09-29-2020]]></date>
		<time><![CDATA[8:30am]]></time>
		<impact><![CDATA[Low]]></impact>
		<forecast><![CDATA[1.1%]]></forecast>
		<previous><![CDATA[0.9%]]></previous>
	</event>
	<event>
		<title>Mortgage Approvals</title>
		<country>GBP</country>
		<date><![CDATA[09-29-2020]]></date>
		<time><![CDATA[8:30am]]></time>
		<impact><![CDATA[Low]]></impact>
		<forecast><![CDATA[72K]]></forecast>
		<previous><![CDATA[66K]]></previous>
	</event>
	<event>
		<title>Net Lending to Individuals m/m</title>
		<country>GBP</country>
		<date><![CDATA[09-29-2020]]></date>
		<time><![CDATA[8:30am]]></time>
		<impact><![CDATA[Low]]></impact>
		<forecast><![CDATA[5.2B]]></forecast>
		<previous><![CDATA[3.9B]]></previous>
	</event>
	<event>
		<title>Italian 10-y Bond Auction</title>
		<country>EUR</country>
		<date><![CDATA[09-29-2020]]></date>
		<time><![CDATA[9:22am]]></time>
		<impact><![CDATA[Low]]></impact>
		<forecast />
		<previous><![CDATA[1.11|1.3]]></previous>
	</event>
	<event>
		<title>Prelim Wholesale Inventories m/m</title>
		<country>USD</country>
		<date><![CDATA[09-29-2020]]></date>
		<time><![CDATA[12:30pm]]></time>
		<impact><![CDATA[Low]]></impact>
		<forecast><![CDATA[-0.1%]]></forecast>
		<previous><![CDATA[-0.1%]]></previous>
	</event>
	<event>
		<title>Goods Trade Balance</title>
		<country>USD</country>
		<date><![CDATA[09-29-2020]]></date>
		<time><![CDATA[12:30pm]]></time>
		<impact><![CDATA[Low]]></impact>
		<forecast><![CDATA[-81.8B]]></forecast>
		<previous><![CDATA[-79.3B]]></previous>
	</event>
	<event>
		<title>IPPI m/m</title>
		<country>CAD</country>
		<date><![CDATA[09-29-2020]]></date>
		<time><![CDATA[12:30pm]]></time>
		<impact><![CDATA[Low]]></impact>
		<forecast><![CDATA[0.6%]]></forecast>
		<previous><![CDATA[0.7%]]></previous>
	</event>
	<event>
		<title>RMPI m/m</title>
		<country>CAD</country>
		<date><![CDATA[09-29-2020]]></date>
		<time><![CDATA[12:30pm]]></time>
		<impact><![CDATA[Low]]></impact>
		<forecast><![CDATA[6.2%]]></forecast>
		<previous><![CDATA[3.0%]]></previous>
	</event>
	<event>
		<title><![CDATA[S&P/CS Composite-20 HPI y/y]]></title>
		<country>USD</country>
		<date><![CDATA[09-29-2020]]></date>
		<time><![CDATA[1:00pm]]></time>
		<impact><![CDATA[Low]]></impact>
		<forecast><![CDATA[3.6%]]></forecast>
		<previous><![CDATA[3.5%]]></previous>
	</event>
	<event>
		<title>FOMC Member Williams Speaks</title>
		<country>USD</country>
		<date><![CDATA[09-29-2020]]></date>
		<time><![CDATA[1:15pm]]></time>
		<impact><![CDATA[Low]]></impact>
		<forecast />
		<previous />
	</event>
	<event>
		<title>FOMC Member Harker Speaks</title>
		<country>USD</country>
		<date><![CDATA[09-29-2020]]></date>
		<time><![CDATA[1:30pm]]></time>
		<impact><![CDATA[Low]]></impact>
		<forecast />
		<previous />
	</event>
	<event>
		<title>CB Consumer Confidence</title>
		<country>USD</country>
		<date><![CDATA[09-29-2020]]></date>
		<time><![CDATA[2:00pm]]></time>
		<impact><![CDATA[Medium]]></impact>
		<forecast><![CDATA[90.0]]></forecast>
		<previous><![CDATA[84.8]]></previous>
	</event>
	<event>
		<title>FOMC Member Clarida Speaks</title>
		<country>USD</country>
		<date><![CDATA[09-29-2020]]></date>
		<time><![CDATA[3:40pm]]></time>
		<impact><![CDATA[Low]]></impact>
		<forecast />
		<previous />
	</event>
	<event>
		<title>FOMC Member Williams Speaks</title>
		<country>USD</country>
		<date><![CDATA[09-29-2020]]></date>
		<time><![CDATA[5:00pm]]></time>
		<impact><![CDATA[Low]]></impact>
		<forecast />
		<previous />
	</event>
	<event>
		<title>FOMC Member Quarles Speaks</title>
		<country>USD</country>
		<date><![CDATA[09-29-2020]]></date>
		<time><![CDATA[5:00pm]]></time>
		<impact><![CDATA[Low]]></impact>
		<forecast />
		<previous />
	</event>
	<event>
		<title>Loan Officer Survey</title>
		<country>USD</country>
		<date><![CDATA[09-29-2020]]></date>
		<time><![CDATA[6:00pm]]></time>
		<impact><![CDATA[Low]]></impact>
		<forecast />
		<previous />
	</event>
	<event>
		<title>FOMC Member Quarles Speaks</title>
		<country>USD</country>
		<date><![CDATA[09-29-2020]]></date>
		<time><![CDATA[7:00pm]]></time>
		<impact><![CDATA[Low]]></impact>
		<forecast />
		<previous />
	</event>
	<event>
		<title>Building Consents m/m</title>
		<country>NZD</country>
		<date><![CDATA[09-29-2020]]></date>
		<time><![CDATA[9:45pm]]></time>
		<impact><![CDATA[Low]]></impact>
		<forecast />
		<previous><![CDATA[-4.5%]]></previous>
	</event>
	<event>
		<title>BRC Shop Price Index y/y</title>
		<country>GBP</country>
		<date><![CDATA[09-29-2020]]></date>
		<time><![CDATA[11:01pm]]></time>
		<impact><![CDATA[Low]]></impact>
		<forecast><![CDATA[-1.4%]]></forecast>
		<previous><![CDATA[-1.6%]]></previous>
	</event>
	<event>
		<title>Prelim Industrial Production m/m</title>
		<country>JPY</country>
		<date><![CDATA[09-29-2020]]></date>
		<time><![CDATA[11:50pm]]></time>
		<impact><![CDATA[Low]]></impact>
		<forecast><![CDATA[1.5%]]></forecast>
		<previous><![CDATA[8.0%]]></previous>
	</event>
	<event>
		<title>Retail Sales y/y</title>
		<country>JPY</country>
		<date><![CDATA[09-29-2020]]></date>
		<time><![CDATA[11:50pm]]></time>
		<impact><![CDATA[Low]]></impact>
		<forecast><![CDATA[-3.2%]]></forecast>
		<previous><![CDATA[-2.8%]]></previous>
	</event>
	<event>
		<title>ANZ Business Confidence</title>
		<country>NZD</country>
		<date><![CDATA[09-30-2020]]></date>
		<time><![CDATA[12:00am]]></time>
		<impact><![CDATA[Low]]></impact>
		<forecast />
		<previous><![CDATA[-26.0]]></previous>
	</event>
	<event>
		<title>Manufacturing PMI</title>
		<country>CNY</country>
		<date><![CDATA[09-30-2020]]></date>
		<time><![CDATA[1:00am]]></time>
		<impact><![CDATA[Medium]]></impact>
		<forecast><![CDATA[51.3]]></forecast>
		<previous><![CDATA[51.0]]></previous>
	</event>
	<event>
		<title>Non-Manufacturing PMI</title>
		<country>CNY</country>
		<date><![CDATA[09-30-2020]]></date>
		<time><![CDATA[1:00am]]></time>
		<impact><![CDATA[Low]]></impact>
		<forecast><![CDATA[54.6]]></forecast>
		<previous><![CDATA[55.2]]></previous>
	</event>
	<event>
		<title>Private Sector Credit m/m</title>
		<country>AUD</country>
		<date><![CDATA[09-30-2020]]></date>
		<time><![CDATA[1:30am]]></time>
		<impact><![CDATA[Low]]></impact>
		<forecast><![CDATA[-0.1%]]></forecast>
		<previous><![CDATA[-0.1%]]></previous>
	</event>
	<event>
		<title>Building Approvals m/m</title>
		<country>AUD</country>
		<date><![CDATA[09-30-2020]]></date>
		<time><![CDATA[1:30am]]></time>
		<impact><![CDATA[Low]]></impact>
		<forecast><![CDATA[0.1%]]></forecast>
		<previous><![CDATA[12.0%]]></previous>
	</event>
	<event>
		<title>Caixin Manufacturing PMI</title>
		<country>CNY</country>
		<date><![CDATA[09-30-2020]]></date>
		<time><![CDATA[1:45am]]></time>
		<impact><![CDATA[Low]]></impact>
		<forecast><![CDATA[53.1]]></forecast>
		<previous><![CDATA[53.1]]></previous>
	</event>
	<event>
		<title>Housing Starts y/y</title>
		<country>JPY</country>
		<date><![CDATA[09-30-2020]]></date>
		<time><![CDATA[5:00am]]></time>
		<impact><![CDATA[Low]]></impact>
		<forecast><![CDATA[-10.0%]]></forecast>
		<previous><![CDATA[-11.4%]]></previous>
	</event>
	<event>
		<title>Nationwide HPI m/m</title>
		<country>GBP</country>
		<date><![CDATA[09-30-2020]]></date>
		<time><![CDATA[5:59am]]></time>
		<impact><![CDATA[Low]]></impact>
		<forecast><![CDATA[0.5%]]></forecast>
		<previous><![CDATA[2.0%]]></previous>
	</event>
	<event>
		<title>German Retail Sales m/m</title>
		<country>EUR</country>
		<date><![CDATA[09-30-2020]]></date>
		<time><![CDATA[5:59am]]></time>
		<impact><![CDATA[Low]]></impact>
		<forecast><![CDATA[0.4%]]></forecast>
		<previous><![CDATA[-0.9%]]></previous>
	</event>
	<event>
		<title>German Import Prices m/m</title>
		<country>EUR</country>
		<date><![CDATA[09-30-2020]]></date>
		<time><![CDATA[5:59am]]></time>
		<impact><![CDATA[Low]]></impact>
		<forecast><![CDATA[0.0%]]></forecast>
		<previous><![CDATA[0.3%]]></previous>
	</event>
	<event>
		<title>Current Account</title>
		<country>GBP</country>
		<date><![CDATA[09-30-2020]]></date>
		<time><![CDATA[6:00am]]></time>
		<impact><![CDATA[Low]]></impact>
		<forecast><![CDATA[-1.0B]]></forecast>
		<previous><![CDATA[-21.1B]]></previous>
	</event>
	<event>
		<title>Final GDP q/q</title>
		<country>GBP</country>
		<date><![CDATA[09-30-2020]]></date>
		<time><![CDATA[6:00am]]></time>
		<impact><![CDATA[Low]]></impact>
		<forecast><![CDATA[-20.4%]]></forecast>
		<previous><![CDATA[-20.4%]]></previous>
	</event>
	<event>
		<title>Revised Business Investment q/q</title>
		<country>GBP</country>
		<date><![CDATA[09-30-2020]]></date>
		<time><![CDATA[6:02am]]></time>
		<impact><![CDATA[Low]]></impact>
		<forecast><![CDATA[-31.4%]]></forecast>
		<previous><![CDATA[-31.4%]]></previous>
	</event>
	<event>
		<title>French Consumer Spending m/m</title>
		<country>EUR</country>
		<date><![CDATA[09-30-2020]]></date>
		<time><![CDATA[6:45am]]></time>
		<impact><![CDATA[Low]]></impact>
		<forecast><![CDATA[-0.2%]]></forecast>
		<previous><![CDATA[0.5%]]></previous>
	</event>
	<event>
		<title>French Prelim CPI m/m</title>
		<country>EUR</country>
		<date><![CDATA[09-30-2020]]></date>
		<time><![CDATA[6:45am]]></time>
		<impact><![CDATA[Low]]></impact>
		<forecast><![CDATA[-0.3%]]></forecast>
		<previous><![CDATA[-0.1%]]></previous>
	</event>
	<event>
		<title>KOF Economic Barometer</title>
		<country>CHF</country>
		<date><![CDATA[09-30-2020]]></date>
		<time><![CDATA[7:00am]]></time>
		<impact><![CDATA[Medium]]></impact>
		<forecast><![CDATA[106.1]]></forecast>
		<previous><![CDATA[110.2]]></previous>
	</event>
	<event>
		<title>ECB President Lagarde Speaks</title>
		<country>EUR</country>
		<date><![CDATA[09-30-2020]]></date>
		<time><![CDATA[7:20am]]></time>
		<impact><![CDATA[High]]></impact>
		<forecast />
		<previous />
	</event>
	<event>
		<title>German Unemployment Change</title>
		<country>EUR</country>
		<date><![CDATA[09-30-2020]]></date>
		<time><![CDATA[7:55am]]></time>
		<impact><![CDATA[Low]]></impact>
		<forecast><![CDATA[-7K]]></forecast>
		<previous><![CDATA[-9K]]></previous>
	</event>
	<event>
		<title>Credit Suisse Economic Expectations</title>
		<country>CHF</country>
		<date><![CDATA[09-30-2020]]></date>
		<time><![CDATA[8:00am]]></time>
		<impact><![CDATA[Low]]></impact>
		<forecast />
		<previous><![CDATA[45.6]]></previous>
	</event>
	<event>
		<title>MPC Member Haldane Speaks</title>
		<country>GBP</country>
		<date><![CDATA[09-30-2020]]></date>
		<time><![CDATA[8:30am]]></time>
		<impact><![CDATA[Low]]></impact>
		<forecast />
		<previous />
	</event>
	<event>
		<title>Italian Prelim CPI m/m</title>
		<country>EUR</country>
		<date><![CDATA[09-30-2020]]></date>
		<time><![CDATA[9:00am]]></time>
		<impact><![CDATA[Low]]></impact>
		<forecast><![CDATA[-0.5%]]></forecast>
		<previous><![CDATA[0.3%]]></previous>
	</event>
	<event>
		<title>ADP Non-Farm Employment Change</title>
		<country>USD</country>
		<date><![CDATA[09-30-2020]]></date>
		<time><![CDATA[12:15pm]]></time>
		<impact><![CDATA[Medium]]></impact>
		<forecast><![CDATA[650K]]></forecast>
		<previous><![CDATA[428K]]></previous>
	</event>
	<event>
		<title>Final GDP q/q</title>
		<country>USD</country>
		<date><![CDATA[09-30-2020]]></date>
		<time><![CDATA[12:30pm]]></time>
		<impact><![CDATA[Medium]]></impact>
		<forecast><![CDATA[-31.7%]]></forecast>
		<previous><![CDATA[-31.7%]]></previous>
	</event>
	<event>
		<title>Final GDP Price Index q/q</title>
		<country>USD</country>
		<date><![CDATA[09-30-2020]]></date>
		<time><![CDATA[12:30pm]]></time>
		<impact><![CDATA[Low]]></impact>
		<forecast><![CDATA[-2.0%]]></forecast>
		<previous><![CDATA[-2.0%]]></previous>
	</event>
	<event>
		<title>GDP m/m</title>
		<country>CAD</country>
		<date><![CDATA[09-30-2020]]></date>
		<time><![CDATA[12:30pm]]></time>
		<impact><![CDATA[Medium]]></impact>
		<forecast><![CDATA[2.9%]]></forecast>
		<previous><![CDATA[6.5%]]></previous>
	</event>
	<event>
		<title>SNB Quarterly Bulletin</title>
		<country>CHF</country>
		<date><![CDATA[09-30-2020]]></date>
		<time><![CDATA[1:00pm]]></time>
		<impact><![CDATA[Low]]></impact>
		<forecast />
		<previous />
	</event>
	<event>
		<title>Chicago PMI</title>
		<country>USD</country>
		<date><![CDATA[09-30-2020]]></date>
		<time><![CDATA[1:45pm]]></time>
		<impact><![CDATA[Medium]]></impact>
		<forecast><![CDATA[52.0]]></forecast>
		<previous><![CDATA[51.2]]></previous>
	</event>
	<event>
		<title>Pending Home Sales m/m</title>
		<country>USD</country>
		<date><![CDATA[09-30-2020]]></date>
		<time><![CDATA[2:00pm]]></time>
		<impact><![CDATA[Medium]]></impact>
		<forecast><![CDATA[3.1%]]></forecast>
		<previous><![CDATA[5.9%]]></previous>
	</event>
	<event>
		<title>Crude Oil Inventories</title>
		<country>USD</country>
		<date><![CDATA[09-30-2020]]></date>
		<time><![CDATA[2:30pm]]></time>
		<impact><![CDATA[Low]]></impact>
		<forecast><![CDATA[1.0M]]></forecast>
		<previous><![CDATA[-1.6M]]></previous>
	</event>
	<event>
		<title>FOMC Member Kashkari Speaks</title>
		<country>USD</country>
		<date><![CDATA[09-30-2020]]></date>
		<time><![CDATA[3:00pm]]></time>
		<impact><![CDATA[Low]]></impact>
		<forecast />
		<previous />
	</event>
	<event>
		<title>FOMC Member Bowman Speaks</title>
		<country>USD</country>
		<date><![CDATA[09-30-2020]]></date>
		<time><![CDATA[5:40pm]]></time>
		<impact><![CDATA[Low]]></impact>
		<forecast />
		<previous />
	</event>
	<event>
		<title>AIG Manufacturing Index</title>
		<country>AUD</country>
		<date><![CDATA[09-30-2020]]></date>
		<time><![CDATA[10:30pm]]></time>
		<impact><![CDATA[Low]]></impact>
		<forecast />
		<previous><![CDATA[49.3]]></previous>
	</event>
	<event>
		<title>Tankan Manufacturing Index</title>
		<country>JPY</country>
		<date><![CDATA[09-30-2020]]></date>
		<time><![CDATA[11:50pm]]></time>
		<impact><![CDATA[Low]]></impact>
		<forecast><![CDATA[-23]]></forecast>
		<previous><![CDATA[-34]]></previous>
	</event>
	<event>
		<title>Tankan Non-Manufacturing Index</title>
		<country>JPY</country>
		<date><![CDATA[09-30-2020]]></date>
		<time><![CDATA[11:50pm]]></time>
		<impact><![CDATA[Low]]></impact>
		<forecast><![CDATA[-9]]></forecast>
		<previous><![CDATA[-17]]></previous>
	</event>
	<event>
		<title>Bank Holiday</title>
		<country>CNY</country>
		<date><![CDATA[10-01-2020]]></date>
		<time><![CDATA[12:01am]]></time>
		<impact><![CDATA[Holiday]]></impact>
		<forecast />
		<previous />
	</event>
	<event>
		<title>Final Manufacturing PMI</title>
		<country>JPY</country>
		<date><![CDATA[10-01-2020]]></date>
		<time><![CDATA[12:30am]]></time>
		<impact><![CDATA[Low]]></impact>
		<forecast><![CDATA[47.3]]></forecast>
		<previous><![CDATA[47.3]]></previous>
	</event>
	<event>
		<title>10-y Bond Auction</title>
		<country>JPY</country>
		<date><![CDATA[10-01-2020]]></date>
		<time><![CDATA[3:35am]]></time>
		<impact><![CDATA[Low]]></impact>
		<forecast />
		<previous><![CDATA[0.03|3.2]]></previous>
	</event>
	<event>
		<title>Retail Sales y/y</title>
		<country>CHF</country>
		<date><![CDATA[10-01-2020]]></date>
		<time><![CDATA[6:30am]]></time>
		<impact><![CDATA[Low]]></impact>
		<forecast><![CDATA[4.5%]]></forecast>
		<previous><![CDATA[4.1%]]></previous>
	</event>
	<event>
		<title>CPI m/m</title>
		<country>CHF</country>
		<date><![CDATA[10-01-2020]]></date>
		<time><![CDATA[6:30am]]></time>
		<impact><![CDATA[Low]]></impact>
		<forecast><![CDATA[0.0%]]></forecast>
		<previous><![CDATA[0.0%]]></previous>
	</event>
	<event>
		<title>Commodity Prices y/y</title>
		<country>AUD</country>
		<date><![CDATA[10-01-2020]]></date>
		<time><![CDATA[6:30am]]></time>
		<impact><![CDATA[Low]]></impact>
		<forecast />
		<previous><![CDATA[-9.2%]]></previous>
	</event>
	<event>
		<title>Spanish Manufacturing PMI</title>
		<country>EUR</country>
		<date><![CDATA[10-01-2020]]></date>
		<time><![CDATA[7:15am]]></time>
		<impact><![CDATA[Low]]></impact>
		<forecast><![CDATA[50.5]]></forecast>
		<previous><![CDATA[49.9]]></previous>
	</event>
	<event>
		<title>Manufacturing PMI</title>
		<country>CHF</country>
		<date><![CDATA[10-01-2020]]></date>
		<time><![CDATA[7:30am]]></time>
		<impact><![CDATA[Low]]></impact>
		<forecast><![CDATA[53.4]]></forecast>
		<previous><![CDATA[51.8]]></previous>
	</event>
	<event>
		<title>Italian Manufacturing PMI</title>
		<country>EUR</country>
		<date><![CDATA[10-01-2020]]></date>
		<time><![CDATA[7:45am]]></time>
		<impact><![CDATA[Low]]></impact>
		<forecast><![CDATA[53.6]]></forecast>
		<previous><![CDATA[53.1]]></previous>
	</event>
	<event>
		<title>French Final Manufacturing PMI</title>
		<country>EUR</country>
		<date><![CDATA[10-01-2020]]></date>
		<time><![CDATA[7:50am]]></time>
		<impact><![CDATA[Low]]></impact>
		<forecast><![CDATA[50.9]]></forecast>
		<previous><![CDATA[50.9]]></previous>
	</event>
	<event>
		<title>German Final Manufacturing PMI</title>
		<country>EUR</country>
		<date><![CDATA[10-01-2020]]></date>
		<time><![CDATA[7:55am]]></time>
		<impact><![CDATA[Low]]></impact>
		<forecast><![CDATA[56.6]]></forecast>
		<previous><![CDATA[56.6]]></previous>
	</event>
	<event>
		<title>Final Manufacturing PMI</title>
		<country>EUR</country>
		<date><![CDATA[10-01-2020]]></date>
		<time><![CDATA[8:00am]]></time>
		<impact><![CDATA[Low]]></impact>
		<forecast><![CDATA[53.7]]></forecast>
		<previous><![CDATA[53.7]]></previous>
	</event>
	<event>
		<title>Italian Monthly Unemployment Rate</title>
		<country>EUR</country>
		<date><![CDATA[10-01-2020]]></date>
		<time><![CDATA[8:00am]]></time>
		<impact><![CDATA[Low]]></impact>
		<forecast><![CDATA[10.2%]]></forecast>
		<previous><![CDATA[9.7%]]></previous>
	</event>
	<event>
		<title>Final Manufacturing PMI</title>
		<country>GBP</country>
		<date><![CDATA[10-01-2020]]></date>
		<time><![CDATA[8:30am]]></time>
		<impact><![CDATA[Medium]]></impact>
		<forecast><![CDATA[54.3]]></forecast>
		<previous><![CDATA[54.3]]></previous>
	</event>
	<event>
		<title>Unemployment Rate</title>
		<country>EUR</country>
		<date><![CDATA[10-01-2020]]></date>
		<time><![CDATA[9:00am]]></time>
		<impact><![CDATA[Low]]></impact>
		<forecast><![CDATA[8.1%]]></forecast>
		<previous><![CDATA[7.9%]]></previous>
	</event>
	<event>
		<title>PPI m/m</title>
		<country>EUR</country>
		<date><![CDATA[10-01-2020]]></date>
		<time><![CDATA[9:00am]]></time>
		<impact><![CDATA[Low]]></impact>
		<forecast><![CDATA[0.2%]]></forecast>
		<previous><![CDATA[0.6%]]></previous>
	</event>
	<event>
		<title>MPC Member Haldane Speaks</title>
		<country>GBP</country>
		<date><![CDATA[10-01-2020]]></date>
		<time><![CDATA[10:20am]]></time>
		<impact><![CDATA[Low]]></impact>
		<forecast />
		<previous />
	</event>
	<event>
		<title>Challenger Job Cuts y/y</title>
		<country>USD</country>
		<date><![CDATA[10-01-2020]]></date>
		<time><![CDATA[11:30am]]></time>
		<impact><![CDATA[Low]]></impact>
		<forecast />
		<previous><![CDATA[116.5%]]></previous>
	</event>
	<event>
		<title>Unemployment Claims</title>
		<country>USD</country>
		<date><![CDATA[10-01-2020]]></date>
		<time><![CDATA[12:30pm]]></time>
		<impact><![CDATA[Medium]]></impact>
		<forecast><![CDATA[850K]]></forecast>
		<previous><![CDATA[870K]]></previous>
	</event>
	<event>
		<title>Personal Income m/m</title>
		<country>USD</country>
		<date><![CDATA[10-01-2020]]></date>
		<time><![CDATA[12:30pm]]></time>
		<impact><![CDATA[Low]]></impact>
		<forecast><![CDATA[-2.0%]]></forecast>
		<previous><![CDATA[0.4%]]></previous>
	</event>
	<event>
		<title>Personal Spending m/m</title>
		<country>USD</country>
		<date><![CDATA[10-01-2020]]></date>
		<time><![CDATA[12:30pm]]></time>
		<impact><![CDATA[Medium]]></impact>
		<forecast><![CDATA[0.7%]]></forecast>
		<previous><![CDATA[1.9%]]></previous>
	</event>
	<event>
		<title>Core PCE Price Index m/m</title>
		<country>USD</country>
		<date><![CDATA[10-01-2020]]></date>
		<time><![CDATA[12:30pm]]></time>
		<impact><![CDATA[Medium]]></impact>
		<forecast><![CDATA[0.3%]]></forecast>
		<previous><![CDATA[0.3%]]></previous>
	</event>
	<event>
		<title>Manufacturing PMI</title>
		<country>CAD</country>
		<date><![CDATA[10-01-2020]]></date>
		<time><![CDATA[1:30pm]]></time>
		<impact><![CDATA[Medium]]></impact>
		<forecast />
		<previous><![CDATA[55.1]]></previous>
	</event>
	<event>
		<title>Final Manufacturing PMI</title>
		<country>USD</country>
		<date><![CDATA[10-01-2020]]></date>
		<time><![CDATA[1:45pm]]></time>
		<impact><![CDATA[Low]]></impact>
		<forecast><![CDATA[53.5]]></forecast>
		<previous><![CDATA[53.5]]></previous>
	</event>
	<event>
		<title>ISM Manufacturing PMI</title>
		<country>USD</country>
		<date><![CDATA[10-01-2020]]></date>
		<time><![CDATA[2:00pm]]></time>
		<impact><![CDATA[High]]></impact>
		<forecast><![CDATA[56.0]]></forecast>
		<previous><![CDATA[56.0]]></previous>
	</event>
	<event>
		<title>ISM Manufacturing Prices</title>
		<country>USD</country>
		<date><![CDATA[10-01-2020]]></date>
		<time><![CDATA[2:00pm]]></time>
		<impact><![CDATA[Low]]></impact>
		<forecast><![CDATA[59.0]]></forecast>
		<previous><![CDATA[59.5]]></previous>
	</event>
	<event>
		<title>Construction Spending m/m</title>
		<country>USD</country>
		<date><![CDATA[10-01-2020]]></date>
		<time><![CDATA[2:00pm]]></time>
		<impact><![CDATA[Low]]></impact>
		<forecast><![CDATA[0.8%]]></forecast>
		<previous><![CDATA[0.1%]]></previous>
	</event>
	<event>
		<title>Wards Total Vehicle Sales</title>
		<country>USD</country>
		<date><![CDATA[10-01-2020]]></date>
		<time><![CDATA[2:15pm]]></time>
		<impact><![CDATA[Low]]></impact>
		<forecast><![CDATA[15.5B]]></forecast>
		<previous><![CDATA[15.2M]]></previous>
	</event>
	<event>
		<title>Natural Gas Storage</title>
		<country>USD</country>
		<date><![CDATA[10-01-2020]]></date>
		<time><![CDATA[2:30pm]]></time>
		<impact><![CDATA[Low]]></impact>
		<forecast><![CDATA[76B]]></forecast>
		<previous><![CDATA[66B]]></previous>
	</event>
	<event>
		<title>FOMC Member Williams Speaks</title>
		<country>USD</country>
		<date><![CDATA[10-01-2020]]></date>
		<time><![CDATA[3:00pm]]></time>
		<impact><![CDATA[Low]]></impact>
		<forecast />
		<previous />
	</event>
	<event>
		<title>FOMC Member Bowman Speaks</title>
		<country>USD</country>
		<date><![CDATA[10-01-2020]]></date>
		<time><![CDATA[7:00pm]]></time>
		<impact><![CDATA[Low]]></impact>
		<forecast />
		<previous />
	</event>
	<event>
		<title>Unemployment Rate</title>
		<country>JPY</country>
		<date><![CDATA[10-01-2020]]></date>
		<time><![CDATA[11:30pm]]></time>
		<impact><![CDATA[Low]]></impact>
		<forecast><![CDATA[3.0%]]></forecast>
		<previous><![CDATA[2.9%]]></previous>
	</event>
	<event>
		<title>Monetary Base y/y</title>
		<country>JPY</country>
		<date><![CDATA[10-01-2020]]></date>
		<time><![CDATA[11:50pm]]></time>
		<impact><![CDATA[Low]]></impact>
		<forecast><![CDATA[11.9%]]></forecast>
		<previous><![CDATA[11.5%]]></previous>
	</event>
	<event>
		<title>Bank Holiday</title>
		<country>CNY</country>
		<date><![CDATA[10-02-2020]]></date>
		<time><![CDATA[12:01am]]></time>
		<impact><![CDATA[Holiday]]></impact>
		<forecast />
		<previous />
	</event>
	<event>
		<title>Retail Sales m/m</title>
		<country>AUD</country>
		<date><![CDATA[10-02-2020]]></date>
		<time><![CDATA[1:30am]]></time>
		<impact><![CDATA[Low]]></impact>
		<forecast><![CDATA[3.2%]]></forecast>
		<previous><![CDATA[3.2%]]></previous>
	</event>
	<event>
		<title>Consumer Confidence</title>
		<country>JPY</country>
		<date><![CDATA[10-02-2020]]></date>
		<time><![CDATA[5:00am]]></time>
		<impact><![CDATA[Low]]></impact>
		<forecast><![CDATA[31.6]]></forecast>
		<previous><![CDATA[29.3]]></previous>
	</event>
	<event>
		<title>French Gov Budget Balance</title>
		<country>EUR</country>
		<date><![CDATA[10-02-2020]]></date>
		<time><![CDATA[6:45am]]></time>
		<impact><![CDATA[Low]]></impact>
		<forecast />
		<previous><![CDATA[-151.0B]]></previous>
	</event>
	<event>
		<title>Spanish Unemployment Change</title>
		<country>EUR</country>
		<date><![CDATA[10-02-2020]]></date>
		<time><![CDATA[7:00am]]></time>
		<impact><![CDATA[Medium]]></impact>
		<forecast><![CDATA[59.5K]]></forecast>
		<previous><![CDATA[29.8K]]></previous>
	</event>
	<event>
		<title>CPI Flash Estimate y/y</title>
		<country>EUR</country>
		<date><![CDATA[10-02-2020]]></date>
		<time><![CDATA[9:00am]]></time>
		<impact><![CDATA[Low]]></impact>
		<forecast><![CDATA[-0.1%]]></forecast>
		<previous><![CDATA[-0.2%]]></previous>
	</event>
	<event>
		<title>Core CPI Flash Estimate y/y</title>
		<country>EUR</country>
		<date><![CDATA[10-02-2020]]></date>
		<time><![CDATA[9:00am]]></time>
		<impact><![CDATA[Low]]></impact>
		<forecast><![CDATA[0.5%]]></forecast>
		<previous><![CDATA[0.4%]]></previous>
	</event>
	<event>
		<title>Spanish 10-y Bond Auction</title>
		<country>EUR</country>
		<date><![CDATA[10-02-2020]]></date>
		<time><![CDATA[10:03am]]></time>
		<impact><![CDATA[Low]]></impact>
		<forecast />
		<previous><![CDATA[0.05|2.4]]></previous>
	</event>
	<event>
		<title>French 10-y Bond Auction</title>
		<country>EUR</country>
		<date><![CDATA[10-02-2020]]></date>
		<time><![CDATA[10:18am]]></time>
		<impact><![CDATA[Low]]></impact>
		<forecast />
		<previous><![CDATA[-0.19|1.6]]></previous>
	</event>
	<event>
		<title>Non-Farm Employment Change</title>
		<country>USD</country>
		<date><![CDATA[10-02-2020]]></date>
		<time><![CDATA[12:30pm]]></time>
		<impact><![CDATA[High]]></impact>
		<forecast><![CDATA[900K]]></forecast>
		<previous><![CDATA[1371K]]></previous>
	</event>
	<event>
		<title>Unemployment Rate</title>
		<country>USD</country>
		<date><![CDATA[10-02-2020]]></date>
		<time><![CDATA[12:30pm]]></time>
		<impact><![CDATA[High]]></impact>
		<forecast><![CDATA[8.2%]]></forecast>
		<previous><![CDATA[8.4%]]></previous>
	</event>
	<event>
		<title>Average Hourly Earnings m/m</title>
		<country>USD</country>
		<date><![CDATA[10-02-2020]]></date>
		<time><![CDATA[12:30pm]]></time>
		<impact><![CDATA[High]]></impact>
		<forecast><![CDATA[0.5%]]></forecast>
		<previous><![CDATA[0.4%]]></previous>
	</event>
	<event>
		<title>FOMC Member Harker Speaks</title>
		<country>USD</country>
		<date><![CDATA[10-02-2020]]></date>
		<time><![CDATA[1:30pm]]></time>
		<impact><![CDATA[Low]]></impact>
		<forecast />
		<previous />
	</event>
	<event>
		<title>Revised UoM Consumer Sentiment</title>
		<country>USD</country>
		<date><![CDATA[10-02-2020]]></date>
		<time><![CDATA[2:00pm]]></time>
		<impact><![CDATA[Medium]]></impact>
		<forecast><![CDATA[78.9]]></forecast>
		<previous><![CDATA[78.9]]></previous>
	</event>
	<event>
		<title>Revised UoM Inflation Expectations</title>
		<country>USD</country>
		<date><![CDATA[10-02-2020]]></date>
		<time><![CDATA[2:00pm]]></time>
		<impact><![CDATA[Low]]></impact>
		<forecast />
		<previous><![CDATA[2.7%]]></previous>
	</event>
	<event>
		<title>Factory Orders m/m</title>
		<country>USD</country>
		<date><![CDATA[10-02-2020]]></date>
		<time><![CDATA[2:00pm]]></time>
		<impact><![CDATA[Low]]></impact>
		<forecast><![CDATA[1.5%]]></forecast>
		<previous><![CDATA[6.4%]]></previous>
	</event>
	<event>
		<title>Daylight Saving Time Shift</title>
		<country>AUD</country>
		<date><![CDATA[10-03-2020]]></date>
		<time><![CDATA[4:00pm]]></time>
		<impact><![CDATA[Holiday]]></impact>
		<forecast />
		<previous />
	</event>
</weeklyevents>
