<?xml version="1.0" encoding="windows-1252"?>
<weeklyevents>
	<event>
		<title>Daylight Saving Time Shift</title>
		<country>USD</country>
		<date><![CDATA[11-01-2020]]></date>
		<time><![CDATA[7:00am]]></time>
		<impact><![CDATA[Holiday]]></impact>
		<forecast />
		<previous />
	</event>
	<event>
		<title>Daylight Saving Time Shift</title>
		<country>CAD</country>
		<date><![CDATA[11-01-2020]]></date>
		<time><![CDATA[7:00am]]></time>
		<impact><![CDATA[Holiday]]></impact>
		<forecast />
		<previous />
	</event>
	<event>
		<title>AIG Manufacturing Index</title>
		<country>AUD</country>
		<date><![CDATA[11-01-2020]]></date>
		<time><![CDATA[9:30pm]]></time>
		<impact><![CDATA[Low]]></impact>
		<forecast />
		<previous><![CDATA[46.7]]></previous>
	</event>
	<event>
		<title>Building Consents m/m</title>
		<country>NZD</country>
		<date><![CDATA[11-01-2020]]></date>
		<time><![CDATA[9:45pm]]></time>
		<impact><![CDATA[Low]]></impact>
		<forecast />
		<previous><![CDATA[0.3%]]></previous>
	</event>
	<event>
		<title>MI Inflation Gauge m/m</title>
		<country>AUD</country>
		<date><![CDATA[11-02-2020]]></date>
		<time><![CDATA[12:00am]]></time>
		<impact><![CDATA[Low]]></impact>
		<forecast />
		<previous><![CDATA[0.1%]]></previous>
	</event>
	<event>
		<title>ANZ Job Advertisements m/m</title>
		<country>AUD</country>
		<date><![CDATA[11-02-2020]]></date>
		<time><![CDATA[12:30am]]></time>
		<impact><![CDATA[Low]]></impact>
		<forecast />
		<previous><![CDATA[7.8%]]></previous>
	</event>
	<event>
		<title>Building Approvals m/m</title>
		<country>AUD</country>
		<date><![CDATA[11-02-2020]]></date>
		<time><![CDATA[12:30am]]></time>
		<impact><![CDATA[Low]]></impact>
		<forecast><![CDATA[1.5%]]></forecast>
		<previous><![CDATA[-1.6%]]></previous>
	</event>
	<event>
		<title>Final Manufacturing PMI</title>
		<country>JPY</country>
		<date><![CDATA[11-02-2020]]></date>
		<time><![CDATA[12:30am]]></time>
		<impact><![CDATA[Low]]></impact>
		<forecast><![CDATA[48.0]]></forecast>
		<previous><![CDATA[48.0]]></previous>
	</event>
	<event>
		<title>Caixin Manufacturing PMI</title>
		<country>CNY</country>
		<date><![CDATA[11-02-2020]]></date>
		<time><![CDATA[1:45am]]></time>
		<impact><![CDATA[Low]]></impact>
		<forecast><![CDATA[52.9]]></forecast>
		<previous><![CDATA[53.0]]></previous>
	</event>
	<event>
		<title>Commodity Prices y/y</title>
		<country>AUD</country>
		<date><![CDATA[11-02-2020]]></date>
		<time><![CDATA[5:30am]]></time>
		<impact><![CDATA[Low]]></impact>
		<forecast />
		<previous><![CDATA[-5.8%]]></previous>
	</event>
	<event>
		<title>Spanish Manufacturing PMI</title>
		<country>EUR</country>
		<date><![CDATA[11-02-2020]]></date>
		<time><![CDATA[8:15am]]></time>
		<impact><![CDATA[Low]]></impact>
		<forecast><![CDATA[51.0]]></forecast>
		<previous><![CDATA[50.8]]></previous>
	</event>
	<event>
		<title>Manufacturing PMI</title>
		<country>CHF</country>
		<date><![CDATA[11-02-2020]]></date>
		<time><![CDATA[8:30am]]></time>
		<impact><![CDATA[Low]]></impact>
		<forecast><![CDATA[53.6]]></forecast>
		<previous><![CDATA[53.1]]></previous>
	</event>
	<event>
		<title>Italian Manufacturing PMI</title>
		<country>EUR</country>
		<date><![CDATA[11-02-2020]]></date>
		<time><![CDATA[8:45am]]></time>
		<impact><![CDATA[Low]]></impact>
		<forecast><![CDATA[53.9]]></forecast>
		<previous><![CDATA[53.2]]></previous>
	</event>
	<event>
		<title>French Final Manufacturing PMI</title>
		<country>EUR</country>
		<date><![CDATA[11-02-2020]]></date>
		<time><![CDATA[8:50am]]></time>
		<impact><![CDATA[Low]]></impact>
		<forecast><![CDATA[51.0]]></forecast>
		<previous><![CDATA[51.0]]></previous>
	</event>
	<event>
		<title>German Final Manufacturing PMI</title>
		<country>EUR</country>
		<date><![CDATA[11-02-2020]]></date>
		<time><![CDATA[8:55am]]></time>
		<impact><![CDATA[Low]]></impact>
		<forecast><![CDATA[58.0]]></forecast>
		<previous><![CDATA[58.0]]></previous>
	</event>
	<event>
		<title>Final Manufacturing PMI</title>
		<country>EUR</country>
		<date><![CDATA[11-02-2020]]></date>
		<time><![CDATA[9:00am]]></time>
		<impact><![CDATA[Low]]></impact>
		<forecast><![CDATA[54.4]]></forecast>
		<previous><![CDATA[54.4]]></previous>
	</event>
	<event>
		<title>Final Manufacturing PMI</title>
		<country>GBP</country>
		<date><![CDATA[11-02-2020]]></date>
		<time><![CDATA[9:30am]]></time>
		<impact><![CDATA[Medium]]></impact>
		<forecast><![CDATA[53.3]]></forecast>
		<previous><![CDATA[53.3]]></previous>
	</event>
	<event>
		<title>Manufacturing PMI</title>
		<country>CAD</country>
		<date><![CDATA[11-02-2020]]></date>
		<time><![CDATA[2:30pm]]></time>
		<impact><![CDATA[Medium]]></impact>
		<forecast />
		<previous><![CDATA[56.0]]></previous>
	</event>
	<event>
		<title>Final Manufacturing PMI</title>
		<country>USD</country>
		<date><![CDATA[11-02-2020]]></date>
		<time><![CDATA[2:45pm]]></time>
		<impact><![CDATA[Low]]></impact>
		<forecast><![CDATA[53.3]]></forecast>
		<previous><![CDATA[53.3]]></previous>
	</event>
	<event>
		<title>ISM Manufacturing PMI</title>
		<country>USD</country>
		<date><![CDATA[11-02-2020]]></date>
		<time><![CDATA[3:00pm]]></time>
		<impact><![CDATA[High]]></impact>
		<forecast><![CDATA[55.6]]></forecast>
		<previous><![CDATA[55.4]]></previous>
	</event>
	<event>
		<title>ISM Manufacturing Prices</title>
		<country>USD</country>
		<date><![CDATA[11-02-2020]]></date>
		<time><![CDATA[3:00pm]]></time>
		<impact><![CDATA[Low]]></impact>
		<forecast><![CDATA[60.5]]></forecast>
		<previous><![CDATA[62.8]]></previous>
	</event>
	<event>
		<title>Construction Spending m/m</title>
		<country>USD</country>
		<date><![CDATA[11-02-2020]]></date>
		<time><![CDATA[3:00pm]]></time>
		<impact><![CDATA[Low]]></impact>
		<forecast><![CDATA[1.0%]]></forecast>
		<previous><![CDATA[1.4%]]></previous>
	</event>
	<event>
		<title>Bank Holiday</title>
		<country>JPY</country>
		<date><![CDATA[11-03-2020]]></date>
		<time><![CDATA[12:00am]]></time>
		<impact><![CDATA[Holiday]]></impact>
		<forecast />
		<previous />
	</event>
	<event>
		<title>Cash Rate</title>
		<country>AUD</country>
		<date><![CDATA[11-03-2020]]></date>
		<time><![CDATA[3:30am]]></time>
		<impact><![CDATA[High]]></impact>
		<forecast><![CDATA[0.10%]]></forecast>
		<previous><![CDATA[0.25%]]></previous>
	</event>
	<event>
		<title>RBA Rate Statement</title>
		<country>AUD</country>
		<date><![CDATA[11-03-2020]]></date>
		<time><![CDATA[3:30am]]></time>
		<impact><![CDATA[High]]></impact>
		<forecast />
		<previous />
	</event>
	<event>
		<title>RBA Gov Lowe Speaks</title>
		<country>AUD</country>
		<date><![CDATA[11-03-2020]]></date>
		<time><![CDATA[5:00am]]></time>
		<impact><![CDATA[High]]></impact>
		<forecast />
		<previous />
	</event>
	<event>
		<title>CPI m/m</title>
		<country>CHF</country>
		<date><![CDATA[11-03-2020]]></date>
		<time><![CDATA[7:30am]]></time>
		<impact><![CDATA[Low]]></impact>
		<forecast><![CDATA[0.0%]]></forecast>
		<previous><![CDATA[0.0%]]></previous>
	</event>
	<event>
		<title>French Gov Budget Balance</title>
		<country>EUR</country>
		<date><![CDATA[11-03-2020]]></date>
		<time><![CDATA[7:45am]]></time>
		<impact><![CDATA[Low]]></impact>
		<forecast />
		<previous><![CDATA[-165.7B]]></previous>
	</event>
	<event>
		<title>GDT Price Index</title>
		<country>NZD</country>
		<date><![CDATA[11-03-2020]]></date>
		<time><![CDATA[2:12pm]]></time>
		<impact><![CDATA[Low]]></impact>
		<forecast />
		<previous><![CDATA[0.4%]]></previous>
	</event>
	<event>
		<title>Factory Orders m/m</title>
		<country>USD</country>
		<date><![CDATA[11-03-2020]]></date>
		<time><![CDATA[3:00pm]]></time>
		<impact><![CDATA[Low]]></impact>
		<forecast><![CDATA[1.0%]]></forecast>
		<previous><![CDATA[0.7%]]></previous>
	</event>
	<event>
		<title>Wards Total Vehicle Sales</title>
		<country>USD</country>
		<date><![CDATA[11-03-2020]]></date>
		<time><![CDATA[3:15pm]]></time>
		<impact><![CDATA[Low]]></impact>
		<forecast><![CDATA[16.5M]]></forecast>
		<previous><![CDATA[16.3M]]></previous>
	</event>
	<event>
		<title>Presidential Election</title>
		<country>USD</country>
		<date><![CDATA[11-03-2020]]></date>
		<time><![CDATA[3:15pm]]></time>
		<impact><![CDATA[High]]></impact>
		<forecast />
		<previous />
	</event>
	<event>
		<title>AIG Construction Index</title>
		<country>AUD</country>
		<date><![CDATA[11-03-2020]]></date>
		<time><![CDATA[9:30pm]]></time>
		<impact><![CDATA[Low]]></impact>
		<forecast />
		<previous><![CDATA[45.2]]></previous>
	</event>
	<event>
		<title>Unemployment Rate</title>
		<country>NZD</country>
		<date><![CDATA[11-03-2020]]></date>
		<time><![CDATA[9:45pm]]></time>
		<impact><![CDATA[High]]></impact>
		<forecast><![CDATA[5.3%]]></forecast>
		<previous><![CDATA[4.0%]]></previous>
	</event>
	<event>
		<title>Employment Change q/q</title>
		<country>NZD</country>
		<date><![CDATA[11-03-2020]]></date>
		<time><![CDATA[9:45pm]]></time>
		<impact><![CDATA[High]]></impact>
		<forecast><![CDATA[-0.7%]]></forecast>
		<previous><![CDATA[-0.4%]]></previous>
	</event>
	<event>
		<title>Labor Cost Index q/q</title>
		<country>NZD</country>
		<date><![CDATA[11-03-2020]]></date>
		<time><![CDATA[9:45pm]]></time>
		<impact><![CDATA[Low]]></impact>
		<forecast><![CDATA[0.2%]]></forecast>
		<previous><![CDATA[0.2%]]></previous>
	</event>
	<event>
		<title>Monetary Policy Meeting Minutes</title>
		<country>JPY</country>
		<date><![CDATA[11-03-2020]]></date>
		<time><![CDATA[11:50pm]]></time>
		<impact><![CDATA[Low]]></impact>
		<forecast />
		<previous />
	</event>
	<event>
		<title>Monetary Base y/y</title>
		<country>JPY</country>
		<date><![CDATA[11-03-2020]]></date>
		<time><![CDATA[11:50pm]]></time>
		<impact><![CDATA[Low]]></impact>
		<forecast><![CDATA[14.5%]]></forecast>
		<previous><![CDATA[14.3%]]></previous>
	</event>
	<event>
		<title>ANZ Commodity Prices m/m</title>
		<country>NZD</country>
		<date><![CDATA[11-04-2020]]></date>
		<time><![CDATA[12:00am]]></time>
		<impact><![CDATA[Low]]></impact>
		<forecast />
		<previous><![CDATA[-0.2%]]></previous>
	</event>
	<event>
		<title>Retail Sales m/m</title>
		<country>AUD</country>
		<date><![CDATA[11-04-2020]]></date>
		<time><![CDATA[12:30am]]></time>
		<impact><![CDATA[Low]]></impact>
		<forecast><![CDATA[-1.5%]]></forecast>
		<previous><![CDATA[-1.5%]]></previous>
	</event>
	<event>
		<title>Caixin Services PMI</title>
		<country>CNY</country>
		<date><![CDATA[11-04-2020]]></date>
		<time><![CDATA[1:45am]]></time>
		<impact><![CDATA[Low]]></impact>
		<forecast><![CDATA[55.1]]></forecast>
		<previous><![CDATA[54.8]]></previous>
	</event>
	<event>
		<title>10-y Bond Auction</title>
		<country>JPY</country>
		<date><![CDATA[11-04-2020]]></date>
		<time><![CDATA[3:35am]]></time>
		<impact><![CDATA[Low]]></impact>
		<forecast />
		<previous><![CDATA[0.02|4.1]]></previous>
	</event>
	<event>
		<title>Spanish Unemployment Change</title>
		<country>EUR</country>
		<date><![CDATA[11-04-2020]]></date>
		<time><![CDATA[8:00am]]></time>
		<impact><![CDATA[Low]]></impact>
		<forecast />
		<previous><![CDATA[-26.3K]]></previous>
	</event>
	<event>
		<title>Spanish Services PMI</title>
		<country>EUR</country>
		<date><![CDATA[11-04-2020]]></date>
		<time><![CDATA[8:15am]]></time>
		<impact><![CDATA[Low]]></impact>
		<forecast><![CDATA[40.0]]></forecast>
		<previous><![CDATA[42.4]]></previous>
	</event>
	<event>
		<title>Italian Services PMI</title>
		<country>EUR</country>
		<date><![CDATA[11-04-2020]]></date>
		<time><![CDATA[8:45am]]></time>
		<impact><![CDATA[Low]]></impact>
		<forecast><![CDATA[47.4]]></forecast>
		<previous><![CDATA[48.8]]></previous>
	</event>
	<event>
		<title>French Final Services PMI</title>
		<country>EUR</country>
		<date><![CDATA[11-04-2020]]></date>
		<time><![CDATA[8:50am]]></time>
		<impact><![CDATA[Low]]></impact>
		<forecast><![CDATA[46.5]]></forecast>
		<previous><![CDATA[46.5]]></previous>
	</event>
	<event>
		<title>German Final Services PMI</title>
		<country>EUR</country>
		<date><![CDATA[11-04-2020]]></date>
		<time><![CDATA[8:55am]]></time>
		<impact><![CDATA[Low]]></impact>
		<forecast><![CDATA[48.9]]></forecast>
		<previous><![CDATA[48.9]]></previous>
	</event>
	<event>
		<title>Final Services PMI</title>
		<country>EUR</country>
		<date><![CDATA[11-04-2020]]></date>
		<time><![CDATA[9:00am]]></time>
		<impact><![CDATA[Low]]></impact>
		<forecast><![CDATA[46.2]]></forecast>
		<previous><![CDATA[46.2]]></previous>
	</event>
	<event>
		<title>ECOFIN Meetings</title>
		<country>EUR</country>
		<date><![CDATA[11-04-2020]]></date>
		<time><![CDATA[9:15am]]></time>
		<impact><![CDATA[Low]]></impact>
		<forecast />
		<previous />
	</event>
	<event>
		<title>Final Services PMI</title>
		<country>GBP</country>
		<date><![CDATA[11-04-2020]]></date>
		<time><![CDATA[9:30am]]></time>
		<impact><![CDATA[Low]]></impact>
		<forecast><![CDATA[52.3]]></forecast>
		<previous><![CDATA[52.3]]></previous>
	</event>
	<event>
		<title>PPI m/m</title>
		<country>EUR</country>
		<date><![CDATA[11-04-2020]]></date>
		<time><![CDATA[10:00am]]></time>
		<impact><![CDATA[Low]]></impact>
		<forecast><![CDATA[0.3%]]></forecast>
		<previous><![CDATA[0.1%]]></previous>
	</event>
	<event>
		<title>ADP Non-Farm Employment Change</title>
		<country>USD</country>
		<date><![CDATA[11-04-2020]]></date>
		<time><![CDATA[1:15pm]]></time>
		<impact><![CDATA[Medium]]></impact>
		<forecast><![CDATA[650K]]></forecast>
		<previous><![CDATA[749K]]></previous>
	</event>
	<event>
		<title>Trade Balance</title>
		<country>USD</country>
		<date><![CDATA[11-04-2020]]></date>
		<time><![CDATA[1:30pm]]></time>
		<impact><![CDATA[Low]]></impact>
		<forecast><![CDATA[-64.2B]]></forecast>
		<previous><![CDATA[-67.1B]]></previous>
	</event>
	<event>
		<title>Trade Balance</title>
		<country>CAD</country>
		<date><![CDATA[11-04-2020]]></date>
		<time><![CDATA[1:30pm]]></time>
		<impact><![CDATA[Medium]]></impact>
		<forecast><![CDATA[-2.2B]]></forecast>
		<previous><![CDATA[-2.4B]]></previous>
	</event>
	<event>
		<title>Final Services PMI</title>
		<country>USD</country>
		<date><![CDATA[11-04-2020]]></date>
		<time><![CDATA[2:45pm]]></time>
		<impact><![CDATA[Low]]></impact>
		<forecast><![CDATA[56.0]]></forecast>
		<previous><![CDATA[56.0]]></previous>
	</event>
	<event>
		<title>ISM Services PMI</title>
		<country>USD</country>
		<date><![CDATA[11-04-2020]]></date>
		<time><![CDATA[3:00pm]]></time>
		<impact><![CDATA[High]]></impact>
		<forecast><![CDATA[57.4]]></forecast>
		<previous><![CDATA[57.8]]></previous>
	</event>
	<event>
		<title>Crude Oil Inventories</title>
		<country>USD</country>
		<date><![CDATA[11-04-2020]]></date>
		<time><![CDATA[3:30pm]]></time>
		<impact><![CDATA[Low]]></impact>
		<forecast><![CDATA[0.3M]]></forecast>
		<previous><![CDATA[4.3M]]></previous>
	</event>
	<event>
		<title>ANZ Business Confidence</title>
		<country>NZD</country>
		<date><![CDATA[11-05-2020]]></date>
		<time><![CDATA[12:00am]]></time>
		<impact><![CDATA[Low]]></impact>
		<forecast />
		<previous><![CDATA[-15.7]]></previous>
	</event>
	<event>
		<title>Trade Balance</title>
		<country>AUD</country>
		<date><![CDATA[11-05-2020]]></date>
		<time><![CDATA[12:30am]]></time>
		<impact><![CDATA[Low]]></impact>
		<forecast><![CDATA[3.70B]]></forecast>
		<previous><![CDATA[2.64B]]></previous>
	</event>
	<event>
		<title>SECO Consumer Climate</title>
		<country>CHF</country>
		<date><![CDATA[11-05-2020]]></date>
		<time><![CDATA[6:45am]]></time>
		<impact><![CDATA[Low]]></impact>
		<forecast><![CDATA[-14]]></forecast>
		<previous><![CDATA[-12]]></previous>
	</event>
	<event>
		<title>Asset Purchase Facility</title>
		<country>GBP</country>
		<date><![CDATA[11-05-2020]]></date>
		<time><![CDATA[7:00am]]></time>
		<impact><![CDATA[High]]></impact>
		<forecast><![CDATA[845B]]></forecast>
		<previous><![CDATA[745B]]></previous>
	</event>
	<event>
		<title>BOE Monetary Policy Report</title>
		<country>GBP</country>
		<date><![CDATA[11-05-2020]]></date>
		<time><![CDATA[7:00am]]></time>
		<impact><![CDATA[High]]></impact>
		<forecast />
		<previous />
	</event>
	<event>
		<title>Monetary Policy Summary</title>
		<country>GBP</country>
		<date><![CDATA[11-05-2020]]></date>
		<time><![CDATA[7:00am]]></time>
		<impact><![CDATA[High]]></impact>
		<forecast />
		<previous />
	</event>
	<event>
		<title>Official Bank Rate</title>
		<country>GBP</country>
		<date><![CDATA[11-05-2020]]></date>
		<time><![CDATA[7:00am]]></time>
		<impact><![CDATA[Medium]]></impact>
		<forecast><![CDATA[0.10%]]></forecast>
		<previous><![CDATA[0.10%]]></previous>
	</event>
	<event>
		<title>MPC Asset Purchase Facility Votes</title>
		<country>GBP</country>
		<date><![CDATA[11-05-2020]]></date>
		<time><![CDATA[7:00am]]></time>
		<impact><![CDATA[High]]></impact>
		<forecast><![CDATA[9-0-0]]></forecast>
		<previous><![CDATA[0-0-9]]></previous>
	</event>
	<event>
		<title>MPC Official Bank Rate Votes</title>
		<country>GBP</country>
		<date><![CDATA[11-05-2020]]></date>
		<time><![CDATA[7:00am]]></time>
		<impact><![CDATA[Medium]]></impact>
		<forecast><![CDATA[0-0-9]]></forecast>
		<previous><![CDATA[0-0-9]]></previous>
	</event>
	<event>
		<title>German Factory Orders m/m</title>
		<country>EUR</country>
		<date><![CDATA[11-05-2020]]></date>
		<time><![CDATA[7:00am]]></time>
		<impact><![CDATA[Low]]></impact>
		<forecast><![CDATA[2.1%]]></forecast>
		<previous><![CDATA[4.5%]]></previous>
	</event>
	<event>
		<title>BOE Gov Bailey Speaks</title>
		<country>GBP</country>
		<date><![CDATA[11-05-2020]]></date>
		<time><![CDATA[9:15am]]></time>
		<impact><![CDATA[High]]></impact>
		<forecast />
		<previous />
	</event>
	<event>
		<title>Construction PMI</title>
		<country>GBP</country>
		<date><![CDATA[11-05-2020]]></date>
		<time><![CDATA[9:30am]]></time>
		<impact><![CDATA[Low]]></impact>
		<forecast><![CDATA[55.0]]></forecast>
		<previous><![CDATA[56.8]]></previous>
	</event>
	<event>
		<title>Retail Sales m/m</title>
		<country>EUR</country>
		<date><![CDATA[11-05-2020]]></date>
		<time><![CDATA[10:00am]]></time>
		<impact><![CDATA[Low]]></impact>
		<forecast><![CDATA[-1.4%]]></forecast>
		<previous><![CDATA[4.4%]]></previous>
	</event>
	<event>
		<title>EU Economic Forecasts</title>
		<country>EUR</country>
		<date><![CDATA[11-05-2020]]></date>
		<time><![CDATA[10:00am]]></time>
		<impact><![CDATA[Medium]]></impact>
		<forecast />
		<previous />
	</event>
	<event>
		<title>French 10-y Bond Auction</title>
		<country>EUR</country>
		<date><![CDATA[11-05-2020]]></date>
		<time><![CDATA[10:18am]]></time>
		<impact><![CDATA[Low]]></impact>
		<forecast />
		<previous><![CDATA[-0.25|1.8]]></previous>
	</event>
	<event>
		<title>Challenger Job Cuts y/y</title>
		<country>USD</country>
		<date><![CDATA[11-05-2020]]></date>
		<time><![CDATA[12:30pm]]></time>
		<impact><![CDATA[Low]]></impact>
		<forecast />
		<previous><![CDATA[185.9%]]></previous>
	</event>
	<event>
		<title>Unemployment Claims</title>
		<country>USD</country>
		<date><![CDATA[11-05-2020]]></date>
		<time><![CDATA[1:30pm]]></time>
		<impact><![CDATA[Medium]]></impact>
		<forecast><![CDATA[740K]]></forecast>
		<previous><![CDATA[751K]]></previous>
	</event>
	<event>
		<title>Prelim Nonfarm Productivity q/q</title>
		<country>USD</country>
		<date><![CDATA[11-05-2020]]></date>
		<time><![CDATA[1:30pm]]></time>
		<impact><![CDATA[Low]]></impact>
		<forecast><![CDATA[3.6%]]></forecast>
		<previous><![CDATA[7.3%]]></previous>
	</event>
	<event>
		<title>Prelim Unit Labor Costs q/q</title>
		<country>USD</country>
		<date><![CDATA[11-05-2020]]></date>
		<time><![CDATA[1:30pm]]></time>
		<impact><![CDATA[Low]]></impact>
		<forecast><![CDATA[-10.0%]]></forecast>
		<previous><![CDATA[12.2%]]></previous>
	</event>
	<event>
		<title>Gov Board Member Maechler Speaks</title>
		<country>CHF</country>
		<date><![CDATA[11-05-2020]]></date>
		<time><![CDATA[3:00pm]]></time>
		<impact><![CDATA[Medium]]></impact>
		<forecast />
		<previous />
	</event>
	<event>
		<title>German Buba President Weidmann Speaks</title>
		<country>EUR</country>
		<date><![CDATA[11-05-2020]]></date>
		<time><![CDATA[3:00pm]]></time>
		<impact><![CDATA[Low]]></impact>
		<forecast />
		<previous />
	</event>
	<event>
		<title>Natural Gas Storage</title>
		<country>USD</country>
		<date><![CDATA[11-05-2020]]></date>
		<time><![CDATA[3:30pm]]></time>
		<impact><![CDATA[Low]]></impact>
		<forecast><![CDATA[-34B]]></forecast>
		<previous><![CDATA[29B]]></previous>
	</event>
	<event>
		<title>FOMC Statement</title>
		<country>USD</country>
		<date><![CDATA[11-05-2020]]></date>
		<time><![CDATA[7:00pm]]></time>
		<impact><![CDATA[High]]></impact>
		<forecast />
		<previous />
	</event>
	<event>
		<title>Federal Funds Rate</title>
		<country>USD</country>
		<date><![CDATA[11-05-2020]]></date>
		<time><![CDATA[7:00pm]]></time>
		<impact><![CDATA[Medium]]></impact>
		<forecast><![CDATA[&lt;0.25%]]></forecast>
		<previous><![CDATA[&lt;0.25%]]></previous>
	</event>
	<event>
		<title>FOMC Press Conference</title>
		<country>USD</country>
		<date><![CDATA[11-05-2020]]></date>
		<time><![CDATA[7:30pm]]></time>
		<impact><![CDATA[High]]></impact>
		<forecast />
		<previous />
	</event>
	<event>
		<title>AIG Services Index</title>
		<country>AUD</country>
		<date><![CDATA[11-05-2020]]></date>
		<time><![CDATA[9:30pm]]></time>
		<impact><![CDATA[Low]]></impact>
		<forecast />
		<previous><![CDATA[36.2]]></previous>
	</event>
	<event>
		<title>Household Spending y/y</title>
		<country>JPY</country>
		<date><![CDATA[11-05-2020]]></date>
		<time><![CDATA[11:30pm]]></time>
		<impact><![CDATA[Low]]></impact>
		<forecast><![CDATA[-10.5%]]></forecast>
		<previous><![CDATA[-6.9%]]></previous>
	</event>
	<event>
		<title>Average Cash Earnings y/y</title>
		<country>JPY</country>
		<date><![CDATA[11-05-2020]]></date>
		<time><![CDATA[11:30pm]]></time>
		<impact><![CDATA[Low]]></impact>
		<forecast><![CDATA[-1.1%]]></forecast>
		<previous><![CDATA[-1.3%]]></previous>
	</event>
	<event>
		<title>RBA Monetary Policy Statement</title>
		<country>AUD</country>
		<date><![CDATA[11-06-2020]]></date>
		<time><![CDATA[12:30am]]></time>
		<impact><![CDATA[Medium]]></impact>
		<forecast />
		<previous />
	</event>
	<event>
		<title>Inflation Expectations q/q</title>
		<country>NZD</country>
		<date><![CDATA[11-06-2020]]></date>
		<time><![CDATA[2:00am]]></time>
		<impact><![CDATA[Medium]]></impact>
		<forecast />
		<previous><![CDATA[1.43%]]></previous>
	</event>
	<event>
		<title>German Industrial Production m/m</title>
		<country>EUR</country>
		<date><![CDATA[11-06-2020]]></date>
		<time><![CDATA[7:00am]]></time>
		<impact><![CDATA[Low]]></impact>
		<forecast><![CDATA[2.6%]]></forecast>
		<previous><![CDATA[-0.2%]]></previous>
	</event>
	<event>
		<title>French Trade Balance</title>
		<country>EUR</country>
		<date><![CDATA[11-06-2020]]></date>
		<time><![CDATA[7:45am]]></time>
		<impact><![CDATA[Low]]></impact>
		<forecast><![CDATA[-6.9B]]></forecast>
		<previous><![CDATA[-7.7B]]></previous>
	</event>
	<event>
		<title>French Prelim Private Payrolls q/q</title>
		<country>EUR</country>
		<date><![CDATA[11-06-2020]]></date>
		<time><![CDATA[7:45am]]></time>
		<impact><![CDATA[Low]]></impact>
		<forecast><![CDATA[0.2%]]></forecast>
		<previous><![CDATA[-0.6%]]></previous>
	</event>
	<event>
		<title>Foreign Currency Reserves</title>
		<country>CHF</country>
		<date><![CDATA[11-06-2020]]></date>
		<time><![CDATA[8:00am]]></time>
		<impact><![CDATA[Low]]></impact>
		<forecast />
		<previous><![CDATA[874B]]></previous>
	</event>
	<event>
		<title>Halifax HPI m/m</title>
		<country>GBP</country>
		<date><![CDATA[11-06-2020]]></date>
		<time><![CDATA[8:30am]]></time>
		<impact><![CDATA[Low]]></impact>
		<forecast><![CDATA[1.0%]]></forecast>
		<previous><![CDATA[1.6%]]></previous>
	</event>
	<event>
		<title>Italian Retail Sales m/m</title>
		<country>EUR</country>
		<date><![CDATA[11-06-2020]]></date>
		<time><![CDATA[9:00am]]></time>
		<impact><![CDATA[Low]]></impact>
		<forecast><![CDATA[-1.5%]]></forecast>
		<previous><![CDATA[8.2%]]></previous>
	</event>
	<event>
		<title>Average Hourly Earnings m/m</title>
		<country>USD</country>
		<date><![CDATA[11-06-2020]]></date>
		<time><![CDATA[1:30pm]]></time>
		<impact><![CDATA[High]]></impact>
		<forecast><![CDATA[0.2%]]></forecast>
		<previous><![CDATA[0.1%]]></previous>
	</event>
	<event>
		<title>Non-Farm Employment Change</title>
		<country>USD</country>
		<date><![CDATA[11-06-2020]]></date>
		<time><![CDATA[1:30pm]]></time>
		<impact><![CDATA[High]]></impact>
		<forecast><![CDATA[600K]]></forecast>
		<previous><![CDATA[661K]]></previous>
	</event>
	<event>
		<title>Unemployment Rate</title>
		<country>USD</country>
		<date><![CDATA[11-06-2020]]></date>
		<time><![CDATA[1:30pm]]></time>
		<impact><![CDATA[High]]></impact>
		<forecast><![CDATA[7.6%]]></forecast>
		<previous><![CDATA[7.9%]]></previous>
	</event>
	<event>
		<title>Employment Change</title>
		<country>CAD</country>
		<date><![CDATA[11-06-2020]]></date>
		<time><![CDATA[1:30pm]]></time>
		<impact><![CDATA[High]]></impact>
		<forecast><![CDATA[59.7K]]></forecast>
		<previous><![CDATA[378.2K]]></previous>
	</event>
	<event>
		<title>Unemployment Rate</title>
		<country>CAD</country>
		<date><![CDATA[11-06-2020]]></date>
		<time><![CDATA[1:30pm]]></time>
		<impact><![CDATA[High]]></impact>
		<forecast><![CDATA[9.0%]]></forecast>
		<previous><![CDATA[9.0%]]></previous>
	</event>
	<event>
		<title>BOC Gov Macklem Speaks</title>
		<country>CAD</country>
		<date><![CDATA[11-06-2020]]></date>
		<time><![CDATA[2:00pm]]></time>
		<impact><![CDATA[Medium]]></impact>
		<forecast />
		<previous />
	</event>
	<event>
		<title>Ivey PMI</title>
		<country>CAD</country>
		<date><![CDATA[11-06-2020]]></date>
		<time><![CDATA[3:00pm]]></time>
		<impact><![CDATA[Medium]]></impact>
		<forecast><![CDATA[55.2]]></forecast>
		<previous><![CDATA[54.3]]></previous>
	</event>
	<event>
		<title>Final Wholesale Inventories m/m</title>
		<country>USD</country>
		<date><![CDATA[11-06-2020]]></date>
		<time><![CDATA[3:00pm]]></time>
		<impact><![CDATA[Low]]></impact>
		<forecast><![CDATA[-0.1%]]></forecast>
		<previous><![CDATA[-0.1%]]></previous>
	</event>
	<event>
		<title>Consumer Credit m/m</title>
		<country>USD</country>
		<date><![CDATA[11-06-2020]]></date>
		<time><![CDATA[8:00pm]]></time>
		<impact><![CDATA[Low]]></impact>
		<forecast><![CDATA[7.9B]]></forecast>
		<previous><![CDATA[-7.2B]]></previous>
	</event>
	<event>
		<title>Trade Balance</title>
		<country>CNY</country>
		<date><![CDATA[11-08-2020]]></date>
		<time><![CDATA[3:03am]]></time>
		<impact><![CDATA[Low]]></impact>
		<forecast><![CDATA[330B]]></forecast>
		<previous><![CDATA[258B]]></previous>
	</event>
	<event>
		<title>USD-Denominated Trade Balance</title>
		<country>CNY</country>
		<date><![CDATA[11-08-2020]]></date>
		<time><![CDATA[3:04am]]></time>
		<impact><![CDATA[Low]]></impact>
		<forecast><![CDATA[46.2B]]></forecast>
		<previous><![CDATA[37.0B]]></previous>
	</event>
</weeklyevents>
