<?xml version="1.0" encoding="windows-1252"?>
<weeklyevents>
	<event>
		<title>Prelim GDP q/q</title>
		<country>JPY</country>
		<date><![CDATA[11-15-2020]]></date>
		<time><![CDATA[11:50pm]]></time>
		<impact><![CDATA[Low]]></impact>
		<forecast><![CDATA[4.4%]]></forecast>
		<previous><![CDATA[-7.8%]]></previous>
	</event>
	<event>
		<title>Prelim GDP Price Index y/y</title>
		<country>JPY</country>
		<date><![CDATA[11-15-2020]]></date>
		<time><![CDATA[11:50pm]]></time>
		<impact><![CDATA[Low]]></impact>
		<forecast><![CDATA[1.0%]]></forecast>
		<previous><![CDATA[1.5%]]></previous>
	</event>
	<event>
		<title>Rightmove HPI m/m</title>
		<country>GBP</country>
		<date><![CDATA[11-16-2020]]></date>
		<time><![CDATA[12:01am]]></time>
		<impact><![CDATA[Low]]></impact>
		<forecast />
		<previous><![CDATA[1.1%]]></previous>
	</event>
	<event>
		<title>Foreign Direct Investment ytd/y</title>
		<country>CNY</country>
		<date><![CDATA[11-16-2020]]></date>
		<time><![CDATA[12:41am]]></time>
		<impact><![CDATA[Low]]></impact>
		<forecast />
		<previous><![CDATA[5.2%]]></previous>
	</event>
	<event>
		<title>Unemployment Rate</title>
		<country>CNY</country>
		<date><![CDATA[11-16-2020]]></date>
		<time><![CDATA[2:00am]]></time>
		<impact><![CDATA[Low]]></impact>
		<forecast><![CDATA[5.3%]]></forecast>
		<previous><![CDATA[5.4%]]></previous>
	</event>
	<event>
		<title>Retail Sales y/y</title>
		<country>CNY</country>
		<date><![CDATA[11-16-2020]]></date>
		<time><![CDATA[2:00am]]></time>
		<impact><![CDATA[Low]]></impact>
		<forecast><![CDATA[5.1%]]></forecast>
		<previous><![CDATA[3.3%]]></previous>
	</event>
	<event>
		<title>Fixed Asset Investment ytd/y</title>
		<country>CNY</country>
		<date><![CDATA[11-16-2020]]></date>
		<time><![CDATA[2:00am]]></time>
		<impact><![CDATA[Low]]></impact>
		<forecast><![CDATA[1.6%]]></forecast>
		<previous><![CDATA[0.8%]]></previous>
	</event>
	<event>
		<title>Industrial Production y/y</title>
		<country>CNY</country>
		<date><![CDATA[11-16-2020]]></date>
		<time><![CDATA[2:00am]]></time>
		<impact><![CDATA[Low]]></impact>
		<forecast><![CDATA[6.7%]]></forecast>
		<previous><![CDATA[6.9%]]></previous>
	</event>
	<event>
		<title>Revised Industrial Production m/m</title>
		<country>JPY</country>
		<date><![CDATA[11-16-2020]]></date>
		<time><![CDATA[4:30am]]></time>
		<impact><![CDATA[Low]]></impact>
		<forecast><![CDATA[4.0%]]></forecast>
		<previous><![CDATA[4.0%]]></previous>
	</event>
	<event>
		<title>RBA Gov Lowe Speaks</title>
		<country>AUD</country>
		<date><![CDATA[11-16-2020]]></date>
		<time><![CDATA[8:25am]]></time>
		<impact><![CDATA[High]]></impact>
		<forecast />
		<previous />
	</event>
	<event>
		<title>German Buba Monthly Report</title>
		<country>EUR</country>
		<date><![CDATA[11-16-2020]]></date>
		<time><![CDATA[11:00am]]></time>
		<impact><![CDATA[Low]]></impact>
		<forecast />
		<previous />
	</event>
	<event>
		<title>ECB President Lagarde Speaks</title>
		<country>EUR</country>
		<date><![CDATA[11-16-2020]]></date>
		<time><![CDATA[1:00pm]]></time>
		<impact><![CDATA[Medium]]></impact>
		<forecast />
		<previous />
	</event>
	<event>
		<title>Manufacturing Sales m/m</title>
		<country>CAD</country>
		<date><![CDATA[11-16-2020]]></date>
		<time><![CDATA[1:30pm]]></time>
		<impact><![CDATA[Low]]></impact>
		<forecast><![CDATA[1.7%]]></forecast>
		<previous><![CDATA[-2.0%]]></previous>
	</event>
	<event>
		<title>Empire State Manufacturing Index</title>
		<country>USD</country>
		<date><![CDATA[11-16-2020]]></date>
		<time><![CDATA[1:30pm]]></time>
		<impact><![CDATA[Low]]></impact>
		<forecast><![CDATA[13.8]]></forecast>
		<previous><![CDATA[10.5]]></previous>
	</event>
	<event>
		<title>CB Leading Index m/m</title>
		<country>AUD</country>
		<date><![CDATA[11-16-2020]]></date>
		<time><![CDATA[3:30pm]]></time>
		<impact><![CDATA[Low]]></impact>
		<forecast />
		<previous><![CDATA[0.8%]]></previous>
	</event>
	<event>
		<title>MPC Member Haskel Speaks</title>
		<country>GBP</country>
		<date><![CDATA[11-16-2020]]></date>
		<time><![CDATA[5:30pm]]></time>
		<impact><![CDATA[Low]]></impact>
		<forecast />
		<previous />
	</event>
	<event>
		<title>FOMC Member Clarida Speaks</title>
		<country>USD</country>
		<date><![CDATA[11-16-2020]]></date>
		<time><![CDATA[7:00pm]]></time>
		<impact><![CDATA[Low]]></impact>
		<forecast />
		<previous />
	</event>
	<event>
		<title>RBA Assist Gov Kent Speaks</title>
		<country>AUD</country>
		<date><![CDATA[11-16-2020]]></date>
		<time><![CDATA[10:30pm]]></time>
		<impact><![CDATA[Medium]]></impact>
		<forecast />
		<previous />
	</event>
	<event>
		<title>Monetary Policy Meeting Minutes</title>
		<country>AUD</country>
		<date><![CDATA[11-17-2020]]></date>
		<time><![CDATA[12:30am]]></time>
		<impact><![CDATA[High]]></impact>
		<forecast />
		<previous />
	</event>
	<event>
		<title>Italian Trade Balance</title>
		<country>EUR</country>
		<date><![CDATA[11-17-2020]]></date>
		<time><![CDATA[9:02am]]></time>
		<impact><![CDATA[Low]]></impact>
		<forecast><![CDATA[4.30B]]></forecast>
		<previous><![CDATA[3.93B]]></previous>
	</event>
	<event>
		<title>OPEC-JMMC Meetings</title>
		<country>ALL</country>
		<date><![CDATA[11-17-2020]]></date>
		<time><![CDATA[10:15am]]></time>
		<impact><![CDATA[High]]></impact>
		<forecast />
		<previous />
	</event>
	<event>
		<title>30-y Bond Auction</title>
		<country>GBP</country>
		<date><![CDATA[11-17-2020]]></date>
		<time><![CDATA[10:37am]]></time>
		<impact><![CDATA[Low]]></impact>
		<forecast />
		<previous><![CDATA[0.84|2.2]]></previous>
	</event>
	<event>
		<title>Housing Starts</title>
		<country>CAD</country>
		<date><![CDATA[11-17-2020]]></date>
		<time><![CDATA[1:15pm]]></time>
		<impact><![CDATA[Low]]></impact>
		<forecast><![CDATA[220K]]></forecast>
		<previous><![CDATA[209K]]></previous>
	</event>
	<event>
		<title>Foreign Securities Purchases</title>
		<country>CAD</country>
		<date><![CDATA[11-17-2020]]></date>
		<time><![CDATA[1:30pm]]></time>
		<impact><![CDATA[Low]]></impact>
		<forecast><![CDATA[5.00B]]></forecast>
		<previous><![CDATA[15.51B]]></previous>
	</event>
	<event>
		<title>Wholesale Sales m/m</title>
		<country>CAD</country>
		<date><![CDATA[11-17-2020]]></date>
		<time><![CDATA[1:30pm]]></time>
		<impact><![CDATA[Low]]></impact>
		<forecast><![CDATA[0.4%]]></forecast>
		<previous><![CDATA[0.3%]]></previous>
	</event>
	<event>
		<title>Import Prices m/m</title>
		<country>USD</country>
		<date><![CDATA[11-17-2020]]></date>
		<time><![CDATA[1:30pm]]></time>
		<impact><![CDATA[Low]]></impact>
		<forecast><![CDATA[0.2%]]></forecast>
		<previous><![CDATA[0.3%]]></previous>
	</event>
	<event>
		<title>Retail Sales m/m</title>
		<country>USD</country>
		<date><![CDATA[11-17-2020]]></date>
		<time><![CDATA[1:30pm]]></time>
		<impact><![CDATA[High]]></impact>
		<forecast><![CDATA[0.5%]]></forecast>
		<previous><![CDATA[1.9%]]></previous>
	</event>
	<event>
		<title>Core Retail Sales m/m</title>
		<country>USD</country>
		<date><![CDATA[11-17-2020]]></date>
		<time><![CDATA[1:30pm]]></time>
		<impact><![CDATA[High]]></impact>
		<forecast><![CDATA[0.6%]]></forecast>
		<previous><![CDATA[1.5%]]></previous>
	</event>
	<event>
		<title>BOE Gov Bailey Speaks</title>
		<country>GBP</country>
		<date><![CDATA[11-17-2020]]></date>
		<time><![CDATA[2:00pm]]></time>
		<impact><![CDATA[Medium]]></impact>
		<forecast />
		<previous />
	</event>
	<event>
		<title>Capacity Utilization Rate</title>
		<country>USD</country>
		<date><![CDATA[11-17-2020]]></date>
		<time><![CDATA[2:15pm]]></time>
		<impact><![CDATA[Low]]></impact>
		<forecast><![CDATA[72.3%]]></forecast>
		<previous><![CDATA[71.5%]]></previous>
	</event>
	<event>
		<title>Industrial Production m/m</title>
		<country>USD</country>
		<date><![CDATA[11-17-2020]]></date>
		<time><![CDATA[2:15pm]]></time>
		<impact><![CDATA[Low]]></impact>
		<forecast><![CDATA[1.1%]]></forecast>
		<previous><![CDATA[-0.6%]]></previous>
	</event>
	<event>
		<title>GDT Price Index</title>
		<country>NZD</country>
		<date><![CDATA[11-17-2020]]></date>
		<time><![CDATA[2:33pm]]></time>
		<impact><![CDATA[Low]]></impact>
		<forecast />
		<previous><![CDATA[-2.0%]]></previous>
	</event>
	<event>
		<title>NAHB Housing Market Index</title>
		<country>USD</country>
		<date><![CDATA[11-17-2020]]></date>
		<time><![CDATA[3:00pm]]></time>
		<impact><![CDATA[Low]]></impact>
		<forecast><![CDATA[85]]></forecast>
		<previous><![CDATA[85]]></previous>
	</event>
	<event>
		<title>Business Inventories m/m</title>
		<country>USD</country>
		<date><![CDATA[11-17-2020]]></date>
		<time><![CDATA[3:00pm]]></time>
		<impact><![CDATA[Low]]></impact>
		<forecast><![CDATA[0.5%]]></forecast>
		<previous><![CDATA[0.3%]]></previous>
	</event>
	<event>
		<title>MPC Member Ramsden Speaks</title>
		<country>GBP</country>
		<date><![CDATA[11-17-2020]]></date>
		<time><![CDATA[5:00pm]]></time>
		<impact><![CDATA[Low]]></impact>
		<forecast />
		<previous />
	</event>
	<event>
		<title>Fed Chair Powell Speaks</title>
		<country>USD</country>
		<date><![CDATA[11-17-2020]]></date>
		<time><![CDATA[6:00pm]]></time>
		<impact><![CDATA[High]]></impact>
		<forecast />
		<previous />
	</event>
	<event>
		<title>FOMC Member Brainard Speaks</title>
		<country>USD</country>
		<date><![CDATA[11-17-2020]]></date>
		<time><![CDATA[6:00pm]]></time>
		<impact><![CDATA[Low]]></impact>
		<forecast />
		<previous />
	</event>
	<event>
		<title>TIC Long-Term Purchases</title>
		<country>USD</country>
		<date><![CDATA[11-17-2020]]></date>
		<time><![CDATA[9:00pm]]></time>
		<impact><![CDATA[Low]]></impact>
		<forecast><![CDATA[41.5B]]></forecast>
		<previous><![CDATA[27.8B]]></previous>
	</event>
	<event>
		<title>PPI Output q/q</title>
		<country>NZD</country>
		<date><![CDATA[11-17-2020]]></date>
		<time><![CDATA[9:45pm]]></time>
		<impact><![CDATA[Low]]></impact>
		<forecast><![CDATA[0.0%]]></forecast>
		<previous><![CDATA[-0.3%]]></previous>
	</event>
	<event>
		<title>PPI Input q/q</title>
		<country>NZD</country>
		<date><![CDATA[11-17-2020]]></date>
		<time><![CDATA[9:45pm]]></time>
		<impact><![CDATA[Low]]></impact>
		<forecast><![CDATA[-0.1%]]></forecast>
		<previous><![CDATA[-1.0%]]></previous>
	</event>
	<event>
		<title>RBA Gov Lowe Speaks</title>
		<country>AUD</country>
		<date><![CDATA[11-17-2020]]></date>
		<time><![CDATA[10:00pm]]></time>
		<impact><![CDATA[High]]></impact>
		<forecast />
		<previous />
	</event>
	<event>
		<title>MI Leading Index m/m</title>
		<country>AUD</country>
		<date><![CDATA[11-17-2020]]></date>
		<time><![CDATA[11:30pm]]></time>
		<impact><![CDATA[Low]]></impact>
		<forecast />
		<previous><![CDATA[0.2%]]></previous>
	</event>
	<event>
		<title>Trade Balance</title>
		<country>JPY</country>
		<date><![CDATA[11-17-2020]]></date>
		<time><![CDATA[11:50pm]]></time>
		<impact><![CDATA[Low]]></impact>
		<forecast><![CDATA[0.11T]]></forecast>
		<previous><![CDATA[0.48T]]></previous>
	</event>
	<event>
		<title>Wage Price Index q/q</title>
		<country>AUD</country>
		<date><![CDATA[11-18-2020]]></date>
		<time><![CDATA[12:30am]]></time>
		<impact><![CDATA[Low]]></impact>
		<forecast><![CDATA[0.2%]]></forecast>
		<previous><![CDATA[0.2%]]></previous>
	</event>
	<event>
		<title>Core CPI y/y</title>
		<country>GBP</country>
		<date><![CDATA[11-18-2020]]></date>
		<time><![CDATA[7:00am]]></time>
		<impact><![CDATA[Low]]></impact>
		<forecast><![CDATA[1.3%]]></forecast>
		<previous><![CDATA[1.3%]]></previous>
	</event>
	<event>
		<title>CPI y/y</title>
		<country>GBP</country>
		<date><![CDATA[11-18-2020]]></date>
		<time><![CDATA[7:00am]]></time>
		<impact><![CDATA[Low]]></impact>
		<forecast><![CDATA[0.5%]]></forecast>
		<previous><![CDATA[0.5%]]></previous>
	</event>
	<event>
		<title>RPI y/y</title>
		<country>GBP</country>
		<date><![CDATA[11-18-2020]]></date>
		<time><![CDATA[7:00am]]></time>
		<impact><![CDATA[Low]]></impact>
		<forecast><![CDATA[1.2%]]></forecast>
		<previous><![CDATA[1.1%]]></previous>
	</event>
	<event>
		<title>PPI Input m/m</title>
		<country>GBP</country>
		<date><![CDATA[11-18-2020]]></date>
		<time><![CDATA[7:00am]]></time>
		<impact><![CDATA[Low]]></impact>
		<forecast><![CDATA[1.2%]]></forecast>
		<previous><![CDATA[1.1%]]></previous>
	</event>
	<event>
		<title>PPI Output m/m</title>
		<country>GBP</country>
		<date><![CDATA[11-18-2020]]></date>
		<time><![CDATA[7:00am]]></time>
		<impact><![CDATA[Low]]></impact>
		<forecast><![CDATA[0.1%]]></forecast>
		<previous><![CDATA[-0.1%]]></previous>
	</event>
	<event>
		<title>HPI y/y</title>
		<country>GBP</country>
		<date><![CDATA[11-18-2020]]></date>
		<time><![CDATA[9:30am]]></time>
		<impact><![CDATA[Low]]></impact>
		<forecast><![CDATA[3.3%]]></forecast>
		<previous><![CDATA[2.5%]]></previous>
	</event>
	<event>
		<title>Final Core CPI y/y</title>
		<country>EUR</country>
		<date><![CDATA[11-18-2020]]></date>
		<time><![CDATA[10:00am]]></time>
		<impact><![CDATA[Low]]></impact>
		<forecast><![CDATA[0.2%]]></forecast>
		<previous><![CDATA[0.2%]]></previous>
	</event>
	<event>
		<title>Final CPI y/y</title>
		<country>EUR</country>
		<date><![CDATA[11-18-2020]]></date>
		<time><![CDATA[10:00am]]></time>
		<impact><![CDATA[Low]]></impact>
		<forecast><![CDATA[-0.3%]]></forecast>
		<previous><![CDATA[-0.3%]]></previous>
	</event>
	<event>
		<title>MPC Member Haldane Speaks</title>
		<country>GBP</country>
		<date><![CDATA[11-18-2020]]></date>
		<time><![CDATA[10:30am]]></time>
		<impact><![CDATA[Low]]></impact>
		<forecast />
		<previous />
	</event>
	<event>
		<title>German 10-y Bond Auction</title>
		<country>EUR</country>
		<date><![CDATA[11-18-2020]]></date>
		<time><![CDATA[10:42am]]></time>
		<impact><![CDATA[Low]]></impact>
		<forecast />
		<previous><![CDATA[-0.51|2.1]]></previous>
	</event>
	<event>
		<title>Housing Starts</title>
		<country>USD</country>
		<date><![CDATA[11-18-2020]]></date>
		<time><![CDATA[1:30pm]]></time>
		<impact><![CDATA[Low]]></impact>
		<forecast><![CDATA[1.45M]]></forecast>
		<previous><![CDATA[1.42M]]></previous>
	</event>
	<event>
		<title>Building Permits</title>
		<country>USD</country>
		<date><![CDATA[11-18-2020]]></date>
		<time><![CDATA[1:30pm]]></time>
		<impact><![CDATA[Low]]></impact>
		<forecast><![CDATA[1.57M]]></forecast>
		<previous><![CDATA[1.55M]]></previous>
	</event>
	<event>
		<title>Common CPI y/y</title>
		<country>CAD</country>
		<date><![CDATA[11-18-2020]]></date>
		<time><![CDATA[1:30pm]]></time>
		<impact><![CDATA[Low]]></impact>
		<forecast><![CDATA[1.5%]]></forecast>
		<previous><![CDATA[1.5%]]></previous>
	</event>
	<event>
		<title>Core CPI m/m</title>
		<country>CAD</country>
		<date><![CDATA[11-18-2020]]></date>
		<time><![CDATA[1:30pm]]></time>
		<impact><![CDATA[Low]]></impact>
		<forecast />
		<previous><![CDATA[0.1%]]></previous>
	</event>
	<event>
		<title>CPI m/m</title>
		<country>CAD</country>
		<date><![CDATA[11-18-2020]]></date>
		<time><![CDATA[1:30pm]]></time>
		<impact><![CDATA[High]]></impact>
		<forecast><![CDATA[0.2%]]></forecast>
		<previous><![CDATA[-0.1%]]></previous>
	</event>
	<event>
		<title>Median CPI y/y</title>
		<country>CAD</country>
		<date><![CDATA[11-18-2020]]></date>
		<time><![CDATA[1:30pm]]></time>
		<impact><![CDATA[Low]]></impact>
		<forecast><![CDATA[1.9%]]></forecast>
		<previous><![CDATA[1.9%]]></previous>
	</event>
	<event>
		<title>Trimmed CPI y/y</title>
		<country>CAD</country>
		<date><![CDATA[11-18-2020]]></date>
		<time><![CDATA[1:30pm]]></time>
		<impact><![CDATA[Low]]></impact>
		<forecast><![CDATA[1.8%]]></forecast>
		<previous><![CDATA[1.8%]]></previous>
	</event>
	<event>
		<title>Crude Oil Inventories</title>
		<country>USD</country>
		<date><![CDATA[11-18-2020]]></date>
		<time><![CDATA[3:30pm]]></time>
		<impact><![CDATA[Low]]></impact>
		<forecast />
		<previous><![CDATA[4.3M]]></previous>
	</event>
	<event>
		<title>FOMC Member Williams Speaks</title>
		<country>USD</country>
		<date><![CDATA[11-18-2020]]></date>
		<time><![CDATA[5:15pm]]></time>
		<impact><![CDATA[Low]]></impact>
		<forecast />
		<previous />
	</event>
	<event>
		<title>Employment Change</title>
		<country>AUD</country>
		<date><![CDATA[11-19-2020]]></date>
		<time><![CDATA[12:30am]]></time>
		<impact><![CDATA[High]]></impact>
		<forecast><![CDATA[-26.7K]]></forecast>
		<previous><![CDATA[-29.5K]]></previous>
	</event>
	<event>
		<title>Unemployment Rate</title>
		<country>AUD</country>
		<date><![CDATA[11-19-2020]]></date>
		<time><![CDATA[12:30am]]></time>
		<impact><![CDATA[High]]></impact>
		<forecast><![CDATA[7.1%]]></forecast>
		<previous><![CDATA[6.9%]]></previous>
	</event>
	<event>
		<title>Trade Balance</title>
		<country>CHF</country>
		<date><![CDATA[11-19-2020]]></date>
		<time><![CDATA[7:00am]]></time>
		<impact><![CDATA[Low]]></impact>
		<forecast><![CDATA[3.55B]]></forecast>
		<previous><![CDATA[3.28B]]></previous>
	</event>
	<event>
		<title>Current Account</title>
		<country>EUR</country>
		<date><![CDATA[11-19-2020]]></date>
		<time><![CDATA[9:00am]]></time>
		<impact><![CDATA[Low]]></impact>
		<forecast><![CDATA[18.1B]]></forecast>
		<previous><![CDATA[19.9B]]></previous>
	</event>
	<event>
		<title>CBI Industrial Order Expectations</title>
		<country>GBP</country>
		<date><![CDATA[11-19-2020]]></date>
		<time><![CDATA[11:00am]]></time>
		<impact><![CDATA[Low]]></impact>
		<forecast><![CDATA[-39]]></forecast>
		<previous><![CDATA[-34]]></previous>
	</event>
	<event>
		<title>Unemployment Claims</title>
		<country>USD</country>
		<date><![CDATA[11-19-2020]]></date>
		<time><![CDATA[1:30pm]]></time>
		<impact><![CDATA[Medium]]></impact>
		<forecast><![CDATA[707K]]></forecast>
		<previous><![CDATA[709K]]></previous>
	</event>
	<event>
		<title>ADP Non-Farm Employment Change</title>
		<country>CAD</country>
		<date><![CDATA[11-19-2020]]></date>
		<time><![CDATA[1:30pm]]></time>
		<impact><![CDATA[High]]></impact>
		<forecast />
		<previous><![CDATA[-240.8K]]></previous>
	</event>
	<event>
		<title>Philly Fed Manufacturing Index</title>
		<country>USD</country>
		<date><![CDATA[11-19-2020]]></date>
		<time><![CDATA[1:30pm]]></time>
		<impact><![CDATA[Medium]]></impact>
		<forecast><![CDATA[22.0]]></forecast>
		<previous><![CDATA[32.3]]></previous>
	</event>
	<event>
		<title>Existing Home Sales</title>
		<country>USD</country>
		<date><![CDATA[11-19-2020]]></date>
		<time><![CDATA[3:00pm]]></time>
		<impact><![CDATA[Low]]></impact>
		<forecast><![CDATA[6.45M]]></forecast>
		<previous><![CDATA[6.54M]]></previous>
	</event>
	<event>
		<title>CB Leading Index m/m</title>
		<country>USD</country>
		<date><![CDATA[11-19-2020]]></date>
		<time><![CDATA[3:00pm]]></time>
		<impact><![CDATA[Medium]]></impact>
		<forecast><![CDATA[0.7%]]></forecast>
		<previous><![CDATA[0.7%]]></previous>
	</event>
	<event>
		<title>ECB President Lagarde Speaks</title>
		<country>EUR</country>
		<date><![CDATA[11-19-2020]]></date>
		<time><![CDATA[3:00pm]]></time>
		<impact><![CDATA[Medium]]></impact>
		<forecast />
		<previous />
	</event>
	<event>
		<title>Natural Gas Storage</title>
		<country>USD</country>
		<date><![CDATA[11-19-2020]]></date>
		<time><![CDATA[3:30pm]]></time>
		<impact><![CDATA[Low]]></impact>
		<forecast />
		<previous><![CDATA[8B]]></previous>
	</event>
	<event>
		<title>National Core CPI y/y</title>
		<country>JPY</country>
		<date><![CDATA[11-19-2020]]></date>
		<time><![CDATA[11:30pm]]></time>
		<impact><![CDATA[Low]]></impact>
		<forecast><![CDATA[-0.7%]]></forecast>
		<previous><![CDATA[-0.3%]]></previous>
	</event>
	<event>
		<title>GfK Consumer Confidence</title>
		<country>GBP</country>
		<date><![CDATA[11-20-2020]]></date>
		<time><![CDATA[12:01am]]></time>
		<impact><![CDATA[Low]]></impact>
		<forecast><![CDATA[-33]]></forecast>
		<previous><![CDATA[-31]]></previous>
	</event>
	<event>
		<title>Flash Manufacturing PMI</title>
		<country>JPY</country>
		<date><![CDATA[11-20-2020]]></date>
		<time><![CDATA[12:30am]]></time>
		<impact><![CDATA[Low]]></impact>
		<forecast><![CDATA[49.4]]></forecast>
		<previous><![CDATA[48.0]]></previous>
	</event>
	<event>
		<title>Retail Sales m/m</title>
		<country>AUD</country>
		<date><![CDATA[11-20-2020]]></date>
		<time><![CDATA[12:30am]]></time>
		<impact><![CDATA[Low]]></impact>
		<forecast />
		<previous><![CDATA[-1.1%]]></previous>
	</event>
	<event>
		<title>Credit Card Spending y/y</title>
		<country>NZD</country>
		<date><![CDATA[11-20-2020]]></date>
		<time><![CDATA[2:00am]]></time>
		<impact><![CDATA[Low]]></impact>
		<forecast />
		<previous><![CDATA[-9.9%]]></previous>
	</event>
	<event>
		<title>Public Sector Net Borrowing</title>
		<country>GBP</country>
		<date><![CDATA[11-20-2020]]></date>
		<time><![CDATA[7:00am]]></time>
		<impact><![CDATA[Low]]></impact>
		<forecast><![CDATA[29.2B]]></forecast>
		<previous><![CDATA[35.4B]]></previous>
	</event>
	<event>
		<title>Retail Sales m/m</title>
		<country>GBP</country>
		<date><![CDATA[11-20-2020]]></date>
		<time><![CDATA[7:00am]]></time>
		<impact><![CDATA[Medium]]></impact>
		<forecast><![CDATA[-0.4%]]></forecast>
		<previous><![CDATA[1.5%]]></previous>
	</event>
	<event>
		<title>German PPI m/m</title>
		<country>EUR</country>
		<date><![CDATA[11-20-2020]]></date>
		<time><![CDATA[7:00am]]></time>
		<impact><![CDATA[Low]]></impact>
		<forecast><![CDATA[0.1%]]></forecast>
		<previous><![CDATA[0.4%]]></previous>
	</event>
	<event>
		<title>ECB President Lagarde Speaks</title>
		<country>EUR</country>
		<date><![CDATA[11-20-2020]]></date>
		<time><![CDATA[8:15am]]></time>
		<impact><![CDATA[Medium]]></impact>
		<forecast />
		<previous />
	</event>
	<event>
		<title>Retail Sales m/m</title>
		<country>CAD</country>
		<date><![CDATA[11-20-2020]]></date>
		<time><![CDATA[1:30pm]]></time>
		<impact><![CDATA[Medium]]></impact>
		<forecast><![CDATA[0.1%]]></forecast>
		<previous><![CDATA[0.4%]]></previous>
	</event>
	<event>
		<title>Core Retail Sales m/m</title>
		<country>CAD</country>
		<date><![CDATA[11-20-2020]]></date>
		<time><![CDATA[1:30pm]]></time>
		<impact><![CDATA[Medium]]></impact>
		<forecast><![CDATA[0.0%]]></forecast>
		<previous><![CDATA[0.5%]]></previous>
	</event>
	<event>
		<title>Corporate Profits q/q</title>
		<country>CAD</country>
		<date><![CDATA[11-20-2020]]></date>
		<time><![CDATA[1:30pm]]></time>
		<impact><![CDATA[Low]]></impact>
		<forecast />
		<previous><![CDATA[-8.0%]]></previous>
	</event>
	<event>
		<title>NHPI m/m</title>
		<country>CAD</country>
		<date><![CDATA[11-20-2020]]></date>
		<time><![CDATA[1:30pm]]></time>
		<impact><![CDATA[Low]]></impact>
		<forecast><![CDATA[0.8%]]></forecast>
		<previous><![CDATA[1.2%]]></previous>
	</event>
	<event>
		<title>FOMC Member Kaplan Speaks</title>
		<country>USD</country>
		<date><![CDATA[11-20-2020]]></date>
		<time><![CDATA[1:30pm]]></time>
		<impact><![CDATA[Low]]></impact>
		<forecast />
		<previous />
	</event>
	<event>
		<title>Consumer Confidence</title>
		<country>EUR</country>
		<date><![CDATA[11-20-2020]]></date>
		<time><![CDATA[3:00pm]]></time>
		<impact><![CDATA[Low]]></impact>
		<forecast><![CDATA[-18]]></forecast>
		<previous><![CDATA[-16]]></previous>
	</event>
	<event>
		<title>G20 Meetings</title>
		<country>ALL</country>
		<date><![CDATA[11-21-2020]]></date>
		<time><![CDATA[3:15pm]]></time>
		<impact><![CDATA[Medium]]></impact>
		<forecast />
		<previous />
	</event>
</weeklyevents>
