<!DOCTYPE html>
<!--[if lt IE 7]> <html class="no-js ie6 oldie" lang="en-US"> <![endif]-->
<!--[if IE 7]>    <html class="no-js ie7 oldie" lang="en-US"> <![endif]-->
<!--[if IE 8]>    <html class="no-js ie8 oldie" lang="en-US"> <![endif]-->
<!--[if gt IE 8]><!--> <html class="no-js" lang="en-US"> <!--<![endif]-->
<head>
<title>Attention Required! | Cloudflare</title>
<meta charset="UTF-8" />
<meta http-equiv="Content-Type" content="text/html; charset=UTF-8" />
<meta http-equiv="X-UA-Compatible" content="IE=Edge,chrome=1" />
<meta name="robots" content="noindex, nofollow" />
<meta name="viewport" content="width=device-width,initial-scale=1" />
<link rel="stylesheet" id="cf_styles-css" href="/cdn-cgi/styles/cf.errors.css" type="text/css" media="screen,projection" />
<!--[if lt IE 9]><link rel="stylesheet" id='cf_styles-ie-css' href="/cdn-cgi/styles/cf.errors.ie.css" type="text/css" media="screen,projection" /><![endif]-->
<style type="text/css">body{margin:0;padding:0}</style>


<!--[if gte IE 10]><!-->
<script>
  if (!navigator.cookieEnabled) {
    window.addEventListener('DOMContentLoaded', function () {
      var cookieEl = document.getElementById('cookie-alert');
      cookieEl.style.display = 'block';
    })
  }
</script>
<!--<![endif]-->


</head>
<body>
  <div id="cf-wrapper">
    <div class="cf-alert cf-alert-error cf-cookie-error" id="cookie-alert" data-translate="enable_cookies">Please enable cookies.</div>
    <div id="cf-error-details" class="cf-error-details-wrapper">
      <div class="cf-wrapper cf-header cf-error-overview">
        <h1 data-translate="block_headline">Sorry, you have been blocked</h1>
        <h2 class="cf-subheadline"><span data-translate="unable_to_access">You are unable to access</span> forexfactory.com</h2>
      </div><!-- /.header -->

      <div class="cf-section cf-highlight">
        <div class="cf-wrapper">
          <div class="cf-screenshot-container cf-screenshot-full">
            
              <span class="cf-no-screenshot error"></span>
            
          </div>
        </div>
      </div><!-- /.captcha-container -->

      <div class="cf-section cf-wrapper">
        <div class="cf-columns two">
          <div class="cf-column">
            <h2 data-translate="blocked_why_headline">Why have I been blocked?</h2>

            <p data-translate="blocked_why_detail">This website is using a security service to protect itself from online attacks. The action you just performed triggered the security solution. There are several actions that could trigger this block including submitting a certain word or phrase, a SQL command or malformed data.</p>
          </div>

          <div class="cf-column">
            <h2 data-translate="blocked_resolve_headline">What can I do to resolve this?</h2>

            <p data-translate="blocked_resolve_detail">You can email the site owner to let them know you were blocked. Please include what you were doing when this page came up and the Cloudflare Ray ID found at the bottom of this page.</p>
          </div>
        </div>
      </div><!-- /.section -->

      <div class="cf-error-footer cf-wrapper w-240 lg:w-full py-10 sm:py-4 sm:px-8 mx-auto text-center sm:text-left border-solid border-0 border-t border-gray-300">
  <p class="text-13">
    <span class="cf-footer-item sm:block sm:mb-1">Cloudflare Ray ID: <strong class="font-semibold">6561481c78575fb9</strong></span>
    <span class="cf-footer-separator sm:hidden">&bull;</span>
    <span class="cf-footer-item sm:block sm:mb-1"><span>Your IP</span>: 102.68.237.194</span>
    <span class="cf-footer-separator sm:hidden">&bull;</span>
    <span class="cf-footer-item sm:block sm:mb-1"><span>Performance &amp; security by</span> <a rel="noopener noreferrer" href="https://www.cloudflare.com/5xx-error-landing" id="brand_link" target="_blank">Cloudflare</a></span>
    
  </p>
</div><!-- /.error-footer -->


    </div><!-- /#cf-error-details -->
  </div><!-- /#cf-wrapper -->

  <script type="text/javascript">
  window._cf_translation = {};
  
  
</script>

</body>
</html>
